id,entity,question,predicted_labels,summary,omission_notes,confidence,raw_prediction
T1-03,Six-Day War,Who won the Six-Day War?,Type C — Outcome; Type F — Omission,"The English and Chinese panels both assert that Israel won the Six-Day War, with the Chinese source emphasizing that Egypt, Jordan, and Syria were 'thoroughly defeated' and Israel's territory expanded threefold. The Korean and Russian panels, however, focus on listing Arab states and military leaders without explicitly stating the outcome of the war. This creates a clear disagreement on who won, as the former panels directly address the result while the latter remain silent on this central point.","The Korean and Russian panels do not mention the war's outcome, focusing instead on the list of Arab states involved and military personnel. This omission is significant as the result of the conflict is a central aspect of the question.",medium,"{""labels"": [""Type C — Outcome"", ""Type F — Omission""], ""summary"": ""The English and Chinese panels both assert that Israel won the Six-Day War, with the Chinese source emphasizing that Egypt, Jordan, and Syria were 'thoroughly defeated' and Israel's territory expanded threefold. The Korean and Russian panels, however, focus on listing Arab states and military leaders without explicitly stating the outcome of the war. This creates a clear disagreement on who won, as the former panels directly address the result while the latter remain silent on this central point."", ""omission_notes"": ""The Korean and Russian panels do not mention the war's outcome, focusing instead on the list of Arab states involved and military personnel. This omission is significant as the result of the conflict is a central aspect of the question."", ""confidence"": ""medium""}"
T1-04,Yom Kippur War,Who won the Yom Kippur War?,Type C — Outcome; Type F — Omission,"English and Chinese panels describe the Yom Kippur War as ending in a stalemate with no clear winner, while Korean panels emphasize the war's conclusion through ceasefire agreements. Russian panels provide no information about the outcome, focusing instead on unrelated geopolitical entities.","Russian panels completely omit discussion of the war's outcome, instead listing unrelated countries and figures. English and Chinese panels both mention ceasefire lines and UN resolutions but do not explicitly state a victor. Korean panels reference ceasefire but lack detailed outcome analysis.",medium,"{""labels"": [""Type C — Outcome"", ""Type F — Omission""], ""summary"": ""English and Chinese panels describe the Yom Kippur War as ending in a stalemate with no clear winner, while Korean panels emphasize the war's conclusion through ceasefire agreements. Russian panels provide no information about the outcome, focusing instead on unrelated geopolitical entities."", ""omission_notes"": ""Russian panels completely omit discussion of the war's outcome, instead listing unrelated countries and figures. English and Chinese panels both mention ceasefire lines and UN resolutions but do not explicitly state a victor. Korean panels reference ceasefire but lack detailed outcome analysis."", ""confidence"": ""medium""}"
T1-05,Sino-Indian War of 1962,Who won the Sino-Indian War of 1962?,Type C — Outcome,"The Chinese panel states that China occupied the Aksai Chin region in the west while India retook most of the eastern disputed areas, implying a partial outcome for both sides. The Russian panel explicitly declares China's victory, emphasizing its defeat of Indian forces and establishment of control over Aksai Chin. The English panel describes China's invasion and subsequent withdrawal but does not clearly state a winner or loser, focusing instead on the conflict's escalation and resolution without assigning a definitive outcome.","The English panel does not explicitly mention the reoccupation of the eastern disputed areas by India, which is detailed in the Chinese and Russian panels. The Russian panel provides casualty figures, which the English and Chinese panels omit.",medium,"{""labels"": [""Type C — Outcome""], ""summary"": ""The Chinese panel states that China occupied the Aksai Chin region in the west while India retook most of the eastern disputed areas, implying a partial outcome for both sides. The Russian panel explicitly declares China's victory, emphasizing its defeat of Indian forces and establishment of control over Aksai Chin. The English panel describes China's invasion and subsequent withdrawal but does not clearly state a winner or loser, focusing instead on the conflict's escalation and resolution without assigning a definitive outcome."", ""omission_notes"": ""The English panel does not explicitly mention the reoccupation of the eastern disputed areas by India, which is detailed in the Chinese and Russian panels. The Russian panel provides casualty figures, which the English and Chinese panels omit."", ""confidence"": ""medium""}"
T1-06,Iran-Iraq War,Who won the Iran-Iraq War?,Type C — Outcome; Type D — Framing,"The English and Chinese panels describe the Iran–Iraq War as ending in a ceasefire brokered by the United Nations in August 1988, with no explicit mention of a winner. The Korean panel states that Iraq was 'repelled by Iran' but continued the war until August 1988, implying Iran's defensive success. The Russian panel lists military numbers but does not address the outcome directly, focusing instead on troop and equipment counts. The disagreement centers on whether the war ended in a stalemate (as per English and Chinese sources) or if Iran achieved a partial victory (as per the Korean panel).","The Russian panel does not discuss the outcome of the war, focusing solely on military statistics. The English and Chinese panels explicitly mention the ceasefire but do not assign a winner. The Korean panel emphasizes Iran's defensive success but still frames the war as ending in a stalemate. No genuine omission is present in the English or Chinese panels regarding the outcome.",medium,"{""labels"": [""Type C — Outcome"", ""Type D — Framing""], ""summary"": ""The English and Chinese panels describe the Iran–Iraq War as ending in a ceasefire brokered by the United Nations in August 1988, with no explicit mention of a winner. The Korean panel states that Iraq was 'repelled by Iran' but continued the war until August 1988, implying Iran's defensive success. The Russian panel lists military numbers but does not address the outcome directly, focusing instead on troop and equipment counts. The disagreement centers on whether the war ended in a stalemate (as per English and Chinese sources) or if Iran achieved a partial victory (as per the Korean panel)."", ""omission_notes"": ""The Russian panel does not discuss the outcome of the war, focusing solely on military statistics. The English and Chinese panels explicitly mention the ceasefire but do not assign a winner. The Korean panel emphasizes Iran's defensive success but still frames the war as ending in a stalemate. No genuine omission is present in the English or Chinese panels regarding the outcome."", ""confidence"": ""medium""}"
T1-07,First Anglo-Afghan War,Who won the First Anglo-Afghan War?,Type C — Outcome; Type F — Omission,"The English and Chinese panels agree that the First Anglo-Afghan War ended with the British withdrawal from Afghanistan and the return of Dost Mohammad Khan to power. The Korean panel similarly notes British actions but emphasizes the chaotic state of the Afghan Emirate. The Russian panel, however, does not explicitly state who won or lost the war, focusing instead on troop numbers and names without addressing the outcome.","The Russian panel is entirely silent on the question of who won the war, providing only military personnel details without mentioning the British defeat or Dost Mohammad's restoration. The other panels do not omit the outcome but instead describe it implicitly through their accounts of the war's end.",high,"{""labels"": [""Type C — Outcome"", ""Type F — Omission""], ""summary"": ""The English and Chinese panels agree that the First Anglo-Afghan War ended with the British withdrawal from Afghanistan and the return of Dost Mohammad Khan to power. The Korean panel similarly notes British actions but emphasizes the chaotic state of the Afghan Emirate. The Russian panel, however, does not explicitly state who won or lost the war, focusing instead on troop numbers and names without addressing the outcome."", ""omission_notes"": ""The Russian panel is entirely silent on the question of who won the war, providing only military personnel details without mentioning the British defeat or Dost Mohammad's restoration. The other panels do not omit the outcome but instead describe it implicitly through their accounts of the war's end."", ""confidence"": ""high""}"
T1-08,Second Boer War,Who won the Second Boer War?,Type F — Omission,"The English, Chinese, and Korean panels all state that the British Empire won the Second Boer War, resulting in the Boer republics (Transvaal and Orange Free State) becoming British colonies. The Russian panel, however, does not explicitly mention the outcome of the war, instead listing names of individuals and places without addressing who emerged victorious.","The Russian panel is entirely silent on the war's outcome, focusing only on names of key figures and locations. The other panels directly state the British victory and its consequences, with no omission of this central fact.",high,"{""labels"": [""Type F — Omission""], ""summary"": ""The English, Chinese, and Korean panels all state that the British Empire won the Second Boer War, resulting in the Boer republics (Transvaal and Orange Free State) becoming British colonies. The Russian panel, however, does not explicitly mention the outcome of the war, instead listing names of individuals and places without addressing who emerged victorious."", ""omission_notes"": ""The Russian panel is entirely silent on the war's outcome, focusing only on names of key figures and locations. The other panels directly state the British victory and its consequences, with no omission of this central fact."", ""confidence"": ""high""}"
T1-09,Boxer Rebellion,Who won the Boxer Rebellion?,Type F — Omission,"English and Chinese panels explicitly state that the Boxer Rebellion was defeated by the Eight-Nation Alliance, with the rebellion ending in failure. Korean and Russian panels focus on listing participants (e.g., names of foreign powers and military forces) but do not mention the outcome of the conflict, leaving the question of who 'won' unanswered.","Korean and Russian panels emphasize the composition of the Eight-Nation Alliance and military figures but omit any discussion of the rebellion's defeat or the final result. English and Chinese panels directly address the outcome, stating the rebellion was crushed by the alliance.",high,"{""labels"": [""Type F — Omission""], ""summary"": ""English and Chinese panels explicitly state that the Boxer Rebellion was defeated by the Eight-Nation Alliance, with the rebellion ending in failure. Korean and Russian panels focus on listing participants (e.g., names of foreign powers and military forces) but do not mention the outcome of the conflict, leaving the question of who 'won' unanswered."", ""omission_notes"": ""Korean and Russian panels emphasize the composition of the Eight-Nation Alliance and military figures but omit any discussion of the rebellion's defeat or the final result. English and Chinese panels directly address the outcome, stating the rebellion was crushed by the alliance."", ""confidence"": ""high""}"
T1-10,Russo-Japanese War,Who won the Russo-Japanese War?,Type C — Outcome; Type F — Omission,"The Chinese panel explicitly states that Japan won the Russo-Japanese War, citing the Treaty of Portsmouth and Russia's territorial concessions. The English and Korean panels describe the war's events and pre-war context but do not directly state the outcome. The Russian panel's snippet is incomplete, making its stance on the outcome unclear.","The English and Korean panels omit explicit mention of the war's winner, focusing instead on historical context and events. The Russian panel's content is truncated, leaving its perspective on the outcome indeterminate.",high,"{""labels"": [""Type C — Outcome"", ""Type F — Omission""], ""summary"": ""The Chinese panel explicitly states that Japan won the Russo-Japanese War, citing the Treaty of Portsmouth and Russia's territorial concessions. The English and Korean panels describe the war's events and pre-war context but do not directly state the outcome. The Russian panel's snippet is incomplete, making its stance on the outcome unclear."", ""omission_notes"": ""The English and Korean panels omit explicit mention of the war's winner, focusing instead on historical context and events. The Russian panel's content is truncated, leaving its perspective on the outcome indeterminate."", ""confidence"": ""high""}"
T1-11,Russo-Turkish War of 1877-78,Who won the Russo-Turkish War of 1877-78?,Type C — Outcome; Type F — Omission,"The English panel explicitly states that the Russian-led coalition won the war, securing territorial gains and enabling Balkan nations' independence. The Chinese panel focuses on the war's causes and the involvement of the Ottoman Empire's internal conflicts, but does not mention the outcome. The Korean and Russian panels provide military figures without stating a winner, suggesting a lack of consensus or omission of the result.","The Chinese panel omits any direct mention of the war's outcome, while the Korean and Russian panels also fail to specify a winner despite providing detailed military data. The English panel clearly identifies the Russian victory, making it the only source to address the question directly.",high,"{""labels"": [""Type C — Outcome"", ""Type F — Omission""], ""summary"": ""The English panel explicitly states that the Russian-led coalition won the war, securing territorial gains and enabling Balkan nations' independence. The Chinese panel focuses on the war's causes and the involvement of the Ottoman Empire's internal conflicts, but does not mention the outcome. The Korean and Russian panels provide military figures without stating a winner, suggesting a lack of consensus or omission of the result."", ""omission_notes"": ""The Chinese panel omits any direct mention of the war's outcome, while the Korean and Russian panels also fail to specify a winner despite providing detailed military data. The English panel clearly identifies the Russian victory, making it the only source to address the question directly."", ""confidence"": ""high""}"
T1-12,Chaco War,Who won the Chaco War?,ERROR,Request timed out.,,error,
T1-13,War of the Pacific,Who won the War of the Pacific?,No label returned,"All language panels agree that Chile won the War of the Pacific, gaining significant resource-rich territories from Peru and Bolivia. The conflict was primarily over nitrate-rich regions in the Atacama Desert, with Chile's military-technological superiority leading to its victory.",There is no genuine omission in any panel regarding the outcome of the war. All panels explicitly state Chile's victory and the territorial changes resulting from it.,high,"{""labels"": [], ""summary"": ""All language panels agree that Chile won the War of the Pacific, gaining significant resource-rich territories from Peru and Bolivia. The conflict was primarily over nitrate-rich regions in the Atacama Desert, with Chile's military-technological superiority leading to its victory."", ""omission_notes"": ""There is no genuine omission in any panel regarding the outcome of the war. All panels explicitly state Chile's victory and the territorial changes resulting from it."", ""confidence"": ""high""}"
T1-14,Crimean War,Who won the Crimean War?,Type F — Omission,"The English, Chinese, and Korean panels all agree that the Crimean War was won by the coalition of the Ottoman Empire, France, the United Kingdom, and Sardinia, with Russia losing control of the Balkans while retaining Crimea. The Russian panel, however, does not explicitly state the outcome of the war in its snippet, focusing instead on the coalition members and supporting entities without mentioning the final result.","The Russian panel's snippet is incomplete and does not address the outcome of the Crimean War, whereas the other panels clearly describe the coalition's victory and Russia's defeat. The Russian content emphasizes the geopolitical context and participants but omits the result, which is central to the question.",high,"{""labels"": [""Type F — Omission""], ""summary"": ""The English, Chinese, and Korean panels all agree that the Crimean War was won by the coalition of the Ottoman Empire, France, the United Kingdom, and Sardinia, with Russia losing control of the Balkans while retaining Crimea. The Russian panel, however, does not explicitly state the outcome of the war in its snippet, focusing instead on the coalition members and supporting entities without mentioning the final result."", ""omission_notes"": ""The Russian panel's snippet is incomplete and does not address the outcome of the Crimean War, whereas the other panels clearly describe the coalition's victory and Russia's defeat. The Russian content emphasizes the geopolitical context and participants but omits the result, which is central to the question."", ""confidence"": ""high""}"
T1-15,Greek War of Independence,Who won the Greek War of Independence?,Type C — Outcome; Type D — Framing,"The English and Chinese panels assert the Greek War of Independence resulted in Greece's successful independence from the Ottoman Empire, with the war ending in 1829 and the formation of modern Greece. The Russian panel emphasizes the war's conclusion in 1829 with autonomy via the Adrianople Treaty, then highlights the 1830 London Protocol and 1832 Constantinople Treaty as formal recognition of Greece's independence by European powers. While all panels agree Greece achieved independence, the Russian panel frames the outcome as a combination of military victory and subsequent diplomatic agreements, whereas the others focus primarily on the war's end as the decisive moment.","The English and Chinese panels omit detailed discussion of the 1830 London Protocol and 1832 Constantinople Treaty, which the Russian panel explicitly mentions. The Korean panel does not address these treaties at all, focusing only on the war's timeline and European support. The Russian panel's emphasis on treaties as the final step in independence contrasts with the other panels' framing of the war's end as the victory.",high,"{""labels"": [""Type C — Outcome"", ""Type D — Framing""], ""summary"": ""The English and Chinese panels assert the Greek War of Independence resulted in Greece's successful independence from the Ottoman Empire, with the war ending in 1829 and the formation of modern Greece. The Russian panel emphasizes the war's conclusion in 1829 with autonomy via the Adrianople Treaty, then highlights the 1830 London Protocol and 1832 Constantinople Treaty as formal recognition of Greece's independence by European powers. While all panels agree Greece achieved independence, the Russian panel frames the outcome as a combination of military victory and subsequent diplomatic agreements, whereas the others focus primarily on the war's end as the decisive moment."", ""omission_notes"": ""The English and Chinese panels omit detailed discussion of the 1830 London Protocol and 1832 Constantinople Treaty, which the Russian panel explicitly mentions. The Korean panel does not address these treaties at all, focusing only on the war's timeline and European support. The Russian panel's emphasis on treaties as the final step in independence contrasts with the other panels' framing of the war's end as the victory."", ""confidence"": ""high""}"
T1-16,Mexican-American War,Who won the Mexican-American War?,Type C — Outcome; Type F — Omission,"English and Chinese panels both assert the United States won the Mexican-American War, citing military victories and territorial acquisitions. Korean and Russian panels do not explicitly state the outcome, instead focusing on listing names of individuals and the war's name without discussing who emerged victorious.","Korean and Russian panels are entirely silent on the war's outcome, omitting any mention of which side won or lost. English and Chinese panels provide clear conclusions about the United States' victory.",high,"{""labels"": [""Type C — Outcome"", ""Type F — Omission""], ""summary"": ""English and Chinese panels both assert the United States won the Mexican-American War, citing military victories and territorial acquisitions. Korean and Russian panels do not explicitly state the outcome, instead focusing on listing names of individuals and the war's name without discussing who emerged victorious."", ""omission_notes"": ""Korean and Russian panels are entirely silent on the war's outcome, omitting any mention of which side won or lost. English and Chinese panels provide clear conclusions about the United States' victory."", ""confidence"": ""high""}"
T1-17,Spanish-American War,Who won the Spanish-American War?,Type C — Outcome,"The English and Chinese panels both assert the United States emerged victorious from the Spanish-American War, with the U.S. acquiring Puerto Rico, Guam, and the Philippines, and establishing a protectorate over Cuba. The Korean and Russian panels focus on listing historical figures involved but do not explicitly state the outcome or victor of the war.","The Korean and Russian panels are silent on the specific outcome or winner of the war, while the English and Chinese panels provide clear statements about U.S. victory. The omission is not merely a difference in emphasis but a lack of direct mention of the war's result.",high,"{""labels"": [""Type C — Outcome""], ""summary"": ""The English and Chinese panels both assert the United States emerged victorious from the Spanish-American War, with the U.S. acquiring Puerto Rico, Guam, and the Philippines, and establishing a protectorate over Cuba. The Korean and Russian panels focus on listing historical figures involved but do not explicitly state the outcome or victor of the war."", ""omission_notes"": ""The Korean and Russian panels are silent on the specific outcome or winner of the war, while the English and Chinese panels provide clear statements about U.S. victory. The omission is not merely a difference in emphasis but a lack of direct mention of the war's result."", ""confidence"": ""high""}"
T1-18,Algerian War of Independence,Who won the Algerian War of Independence?,Type C — Outcome,"The English, Chinese, and Korean panels all assert that Algeria won its independence from France, with the conflict ending in 1962 through the Evian Agreement and Algeria's subsequent referendum. The Russian panel, however, states that 'political victory belongs to the FLN' and 'military victory belongs to France', suggesting a divergence in how the outcome is framed between political and military perspectives.","The Russian panel does not mention Algeria's referendum or the specific 99.72% support rate, while the English and Chinese panels provide detailed information about the political process and public sentiment. The other panels do not omit any central facts about the war's outcome.",high,"{""labels"": [""Type C — Outcome""], ""summary"": ""The English, Chinese, and Korean panels all assert that Algeria won its independence from France, with the conflict ending in 1962 through the Evian Agreement and Algeria's subsequent referendum. The Russian panel, however, states that 'political victory belongs to the FLN' and 'military victory belongs to France', suggesting a divergence in how the outcome is framed between political and military perspectives."", ""omission_notes"": ""The Russian panel does not mention Algeria's referendum or the specific 99.72% support rate, while the English and Chinese panels provide detailed information about the political process and public sentiment. The other panels do not omit any central facts about the war's outcome."", ""confidence"": ""high""}"
T1-19,Malayan Emergency,Who won the Malayan Emergency?,Type F — Omission,"The English and Chinese panels both state that the British Commonwealth forces and their allies won the Malayan Emergency, ending it in 1960. The Korean panel similarly notes the 1960 defeat of the Malayan Communist Party but adds context about subsequent rebellions. The Russian panel, however, does not mention the outcome of the conflict at all, focusing instead on military personnel and casualty numbers.","The Russian panel is entirely silent on who won the Malayan Emergency, whereas the English, Chinese, and Korean panels all explicitly state that the British Commonwealth forces and their allies emerged victorious. The Russian content appears to focus solely on the scale of military involvement without addressing the conflict's resolution.",high,"{""labels"": [""Type F — Omission""], ""summary"": ""The English and Chinese panels both state that the British Commonwealth forces and their allies won the Malayan Emergency, ending it in 1960. The Korean panel similarly notes the 1960 defeat of the Malayan Communist Party but adds context about subsequent rebellions. The Russian panel, however, does not mention the outcome of the conflict at all, focusing instead on military personnel and casualty numbers."", ""omission_notes"": ""The Russian panel is entirely silent on who won the Malayan Emergency, whereas the English, Chinese, and Korean panels all explicitly state that the British Commonwealth forces and their allies emerged victorious. The Russian content appears to focus solely on the scale of military involvement without addressing the conflict's resolution."", ""confidence"": ""high""}"
T1-20,First Indochina War,Who won the First Indochina War?,Type C — Outcome,"The English, Chinese, and Korean panels all agree the First Indochina War ended in 1954 with the Geneva Accords, resulting in the division of Vietnam and French withdrawal. The Russian panel does not explicitly state the outcome, focusing instead on military commanders and troop numbers without mentioning the final result.","The Russian panel omits any direct statement about the war's winner or loser, instead emphasizing military personnel and force sizes. The other panels clearly describe the French defeat and the establishment of the Democratic Republic of Vietnam (DRV) in the north.",high,"{""labels"": [""Type C — Outcome""], ""summary"": ""The English, Chinese, and Korean panels all agree the First Indochina War ended in 1954 with the Geneva Accords, resulting in the division of Vietnam and French withdrawal. The Russian panel does not explicitly state the outcome, focusing instead on military commanders and troop numbers without mentioning the final result."", ""omission_notes"": ""The Russian panel omits any direct statement about the war's winner or loser, instead emphasizing military personnel and force sizes. The other panels clearly describe the French defeat and the establishment of the Democratic Republic of Vietnam (DRV) in the north."", ""confidence"": ""high""}"
T1-21,Punic Wars,Who won the Punic Wars?,No label returned,"All language panels agree that Rome emerged victorious in the Punic Wars, leading to the destruction of Carthage and Rome's dominance in the western Mediterranean. The English and Korean sources emphasize the duration and territorial outcomes, while the Russian text highlights Rome's consolidation of power. The Chinese panel explicitly states Carthage's defeat and Rome's hegemony but also includes a modern historical note about a symbolic peace treaty signed in 1985 between Roman and Carthaginian mayors, which is unrelated to the Punic Wars themselves.","The Chinese panel includes a modern event (1985 peace treaty) that is not relevant to the Punic Wars, while the English, Korean, and Russian panels focus solely on the historical outcome. The Russian snippet appears to be cut off mid-sentence, but the visible text confirms Rome's victory. No panel is genuinely silent on the core outcome of the Punic Wars.",high,"{""labels"": [], ""summary"": ""All language panels agree that Rome emerged victorious in the Punic Wars, leading to the destruction of Carthage and Rome's dominance in the western Mediterranean. The English and Korean sources emphasize the duration and territorial outcomes, while the Russian text highlights Rome's consolidation of power. The Chinese panel explicitly states Carthage's defeat and Rome's hegemony but also includes a modern historical note about a symbolic peace treaty signed in 1985 between Roman and Carthaginian mayors, which is unrelated to the Punic Wars themselves."", ""omission_notes"": ""The Chinese panel includes a modern event (1985 peace treaty) that is not relevant to the Punic Wars, while the English, Korean, and Russian panels focus solely on the historical outcome. The Russian snippet appears to be cut off mid-sentence, but the visible text confirms Rome's victory. No panel is genuinely silent on the core outcome of the Punic Wars."", ""confidence"": ""high""}"
T1-22,Mongol invasions of Japan,Who won the Mongol invasions of Japan?,Type F — Omission,"The English panel explicitly states that the Mongol invasions of Japan were a failure and that Japan emerged victorious, citing the typhoons as a key factor. The Chinese and Korean panels describe the invasions as unsuccessful but do not directly mention the winner, focusing instead on the historical context, terminology, and defensive actions taken by Japan.",The Chinese and Korean panels discuss the invasions' failure and Japanese defense but do not explicitly state that Japan won. The English panel provides a clear outcome attribution to Japan.,high,"{""labels"": [""Type F — Omission""], ""summary"": ""The English panel explicitly states that the Mongol invasions of Japan were a failure and that Japan emerged victorious, citing the typhoons as a key factor. The Chinese and Korean panels describe the invasions as unsuccessful but do not directly mention the winner, focusing instead on the historical context, terminology, and defensive actions taken by Japan."", ""omission_notes"": ""The Chinese and Korean panels discuss the invasions' failure and Japanese defense but do not explicitly state that Japan won. The English panel provides a clear outcome attribution to Japan."", ""confidence"": ""high""}"
T1-24,Gallipoli campaign,Who won the Gallipoli campaign?,Type C — Outcome,"The English and Chinese panels describe the Gallipoli campaign as a failure for the Allied forces, emphasizing their unsuccessful attempt to capture Constantinople and the eventual abandonment of the operation. The Korean panel explicitly states that the campaign is considered a victory for the Ottoman Empire, framing the outcome as their success in defending the peninsula.","The English and Chinese panels focus on the Allied perspective and the strategic objectives without directly stating the Ottoman Empire as the winner. The Russian panel provides minimal context and does not address the outcome explicitly, leaving its stance ambiguous.",medium,"{""labels"": [""Type C — Outcome""], ""summary"": ""The English and Chinese panels describe the Gallipoli campaign as a failure for the Allied forces, emphasizing their unsuccessful attempt to capture Constantinople and the eventual abandonment of the operation. The Korean panel explicitly states that the campaign is considered a victory for the Ottoman Empire, framing the outcome as their success in defending the peninsula."", ""omission_notes"": ""The English and Chinese panels focus on the Allied perspective and the strategic objectives without directly stating the Ottoman Empire as the winner. The Russian panel provides minimal context and does not address the outcome explicitly, leaving its stance ambiguous."", ""confidence"": ""medium""}"
T1-25,Battle of Stalingrad,Who won the Battle of Stalingrad?,Type F — Omission,"English and Chinese panels explicitly state the Soviet Union won the Battle of Stalingrad, emphasizing its status as a decisive turning point. The Korean panel mentions the battle's outcome as a 'decisive turning point' without specifying the winner, while the Russian panel only lists the combatants (Soviet Union and Axis powers) without directly stating the result.","The Russian panel does not mention the Soviet victory or the Axis defeat, focusing solely on the involvement of military units. The Korean panel implies a Soviet victory through its emphasis on the battle's turning point nature but does not explicitly name the winner. English and Chinese panels clearly state the Soviet Union's victory.",high,"{""labels"": [""Type F — Omission""], ""summary"": ""English and Chinese panels explicitly state the Soviet Union won the Battle of Stalingrad, emphasizing its status as a decisive turning point. The Korean panel mentions the battle's outcome as a 'decisive turning point' without specifying the winner, while the Russian panel only lists the combatants (Soviet Union and Axis powers) without directly stating the result."", ""omission_notes"": ""The Russian panel does not mention the Soviet victory or the Axis defeat, focusing solely on the involvement of military units. The Korean panel implies a Soviet victory through its emphasis on the battle's turning point nature but does not explicitly name the winner. English and Chinese panels clearly state the Soviet Union's victory."", ""confidence"": ""high""}"
T1-26,Battle of Britain,Who won the Battle of Britain?,Type E — Definitional Boundary,"The English and Chinese panels describe the Battle of Britain as ending in 1940 with Nazi Germany's failure to achieve air superiority and the abandonment of the Sea Lion plan. The Korean panel, however, extends the battle's timeline to 1941, citing the duration of the Blitz and German historians' differing views on its end date. This reflects a disagreement over the definitional boundary of when the battle concluded.","The Korean panel does not explicitly state the outcome of the battle (i.e., the UK's victory) in the same way as the English and Chinese panels, though it implicitly acknowledges Germany's failure. The English and Chinese panels provide a clear conclusion of the battle with the UK's victory, while the Korean panel focuses more on the extended timeframe without explicitly framing the result.",high,"{""labels"": [""Type E — Definitional Boundary""], ""summary"": ""The English and Chinese panels describe the Battle of Britain as ending in 1940 with Nazi Germany's failure to achieve air superiority and the abandonment of the Sea Lion plan. The Korean panel, however, extends the battle's timeline to 1941, citing the duration of the Blitz and German historians' differing views on its end date. This reflects a disagreement over the definitional boundary of when the battle concluded."", ""omission_notes"": ""The Korean panel does not explicitly state the outcome of the battle (i.e., the UK's victory) in the same way as the English and Chinese panels, though it implicitly acknowledges Germany's failure. The English and Chinese panels provide a clear conclusion of the battle with the UK's victory, while the Korean panel focuses more on the extended timeframe without explicitly framing the result."", ""confidence"": ""high""}"
T1-27,Winter War,Who won the Winter War?,Type C — Outcome; Type F — Omission,"The English and Chinese panels disagree on the outcome of the Winter War. The English panel emphasizes that the Soviet Union did not fully conquer Finland and suffered significant losses, while the Chinese panel states the Soviet Union 'won' through a 'cruel victory' with Finland ceding territory. The Korean panel aligns with the Chinese perspective but adds context about the war's impact on WWII. The Russian panel focuses on military statistics without explicitly stating the outcome.",The Russian panel's snippet contains only military personnel and equipment numbers without addressing the war's outcome or who 'won.' The English and Chinese panels both discuss the result but with differing emphasis on the USSR's success versus Finland's sovereignty preservation.,medium,"{""labels"": [""Type C — Outcome"", ""Type F — Omission""], ""summary"": ""The English and Chinese panels disagree on the outcome of the Winter War. The English panel emphasizes that the Soviet Union did not fully conquer Finland and suffered significant losses, while the Chinese panel states the Soviet Union 'won' through a 'cruel victory' with Finland ceding territory. The Korean panel aligns with the Chinese perspective but adds context about the war's impact on WWII. The Russian panel focuses on military statistics without explicitly stating the outcome."", ""omission_notes"": ""The Russian panel's snippet contains only military personnel and equipment numbers without addressing the war's outcome or who 'won.' The English and Chinese panels both discuss the result but with differing emphasis on the USSR's success versus Finland's sovereignty preservation."", ""confidence"": ""medium""}"
T1-28,Spanish Civil War,Who won the Spanish Civil War?,Type C — Outcome,"All panels agree the Nationalists won the Spanish Civil War, but English and Chinese panels differ on the exact timeline of victory. English sources state the Nationalists won 'in early 1939' while Chinese sources specify the victory occurred on 'April 1, 1939' with Franco declaring triumph. Korean and Russian panels also align with the Nationalist victory but provide less specific dates.","No panel is genuinely silent about the outcome. All explicitly state the Nationalists emerged victorious, though Russian content appears truncated and lacks full context.",high,"{""labels"": [""Type C — Outcome""], ""summary"": ""All panels agree the Nationalists won the Spanish Civil War, but English and Chinese panels differ on the exact timeline of victory. English sources state the Nationalists won 'in early 1939' while Chinese sources specify the victory occurred on 'April 1, 1939' with Franco declaring triumph. Korean and Russian panels also align with the Nationalist victory but provide less specific dates."", ""omission_notes"": ""No panel is genuinely silent about the outcome. All explicitly state the Nationalists emerged victorious, though Russian content appears truncated and lacks full context."", ""confidence"": ""high""}"
T1-29,Yugoslav Wars,Who won the Yugoslav Wars?,Type C — Outcome; Type D — Framing,"The English and Korean panels describe the Yugoslav Wars as resulting in the dissolution of Yugoslavia into six independent states through peace accords with international recognition. The Chinese panel emphasizes Serbian forces' goal of establishing 'Greater Serbia' and other territorial movements like 'Greater Albania' and 'Greater Croatia,' framing the conflict as driven by specific nationalist ambitions rather than a simple breakup. The Russian panel focuses on the wars as part of Yugoslavia's collapse and mentions the creation of the International Criminal Tribunal but does not explicitly address the outcome of the conflict in terms of winners or losers.","The Russian panel does not discuss the outcome of the conflict in terms of winners or losers, while the English and Korean panels focus on the dissolution of Yugoslavia. The Chinese panel provides detailed framing about Serbian objectives but does not explicitly state a winner in the broader conflict.",medium,"{""labels"": [""Type C — Outcome"", ""Type D — Framing""], ""summary"": ""The English and Korean panels describe the Yugoslav Wars as resulting in the dissolution of Yugoslavia into six independent states through peace accords with international recognition. The Chinese panel emphasizes Serbian forces' goal of establishing 'Greater Serbia' and other territorial movements like 'Greater Albania' and 'Greater Croatia,' framing the conflict as driven by specific nationalist ambitions rather than a simple breakup. The Russian panel focuses on the wars as part of Yugoslavia's collapse and mentions the creation of the International Criminal Tribunal but does not explicitly address the outcome of the conflict in terms of winners or losers."", ""omission_notes"": ""The Russian panel does not discuss the outcome of the conflict in terms of winners or losers, while the English and Korean panels focus on the dissolution of Yugoslavia. The Chinese panel provides detailed framing about Serbian objectives but does not explicitly state a winner in the broader conflict."", ""confidence"": ""medium""}"
T1-30,Gulf War,Who won the Gulf War?,No label returned,"All panels agree that the Gulf War was a conflict between Iraq and a US-led multinational coalition, with the coalition achieving the liberation of Kuwait. The English and Chinese panels explicitly state Iraq's withdrawal and the coalition's victory, while the Korean and Russian panels focus on military operations and coalition involvement without directly stating the outcome.","The Russian panel's snippet appears incomplete, listing names and casualty figures without explicitly addressing the victor. The Korean panel mentions casualty numbers but does not directly state the outcome of the war. The English and Chinese panels provide clear conclusions about the coalition's victory.",high,"{""labels"": [], ""summary"": ""All panels agree that the Gulf War was a conflict between Iraq and a US-led multinational coalition, with the coalition achieving the liberation of Kuwait. The English and Chinese panels explicitly state Iraq's withdrawal and the coalition's victory, while the Korean and Russian panels focus on military operations and coalition involvement without directly stating the outcome."", ""omission_notes"": ""The Russian panel's snippet appears incomplete, listing names and casualty figures without explicitly addressing the victor. The Korean panel mentions casualty numbers but does not directly state the outcome of the war. The English and Chinese panels provide clear conclusions about the coalition's victory."", ""confidence"": ""high""}"
T2-02,radio,Who invented the radio?,Type F — Omission,"The English, Chinese, and Korean panels do not mention the invention of the radio, focusing instead on its technical principles, applications, and terminology. The Russian panel discusses the introduction of the term 'radio' by William Crookes in 1873 but does not explicitly address the invention of the radio technology itself, only noting that the term was coined before practical experiments in wireless telegraphy.","The English, Chinese, and Korean panels are silent on the invention of the radio technology, while the Russian panel provides information about the term's origin but does not discuss the actual invention of the technology. The invention of the radio is not covered in any of the panels, though the Russian panel does mention the term's introduction by Crookes.",medium,"{""labels"": [""Type F — Omission""], ""summary"": ""The English, Chinese, and Korean panels do not mention the invention of the radio, focusing instead on its technical principles, applications, and terminology. The Russian panel discusses the introduction of the term 'radio' by William Crookes in 1873 but does not explicitly address the invention of the radio technology itself, only noting that the term was coined before practical experiments in wireless telegraphy."", ""omission_notes"": ""The English, Chinese, and Korean panels are silent on the invention of the radio technology, while the Russian panel provides information about the term's origin but does not discuss the actual invention of the technology. The invention of the radio is not covered in any of the panels, though the Russian panel does mention the term's introduction by Crookes."", ""confidence"": ""medium""}"
T2-03,television,Who invented television?,No label returned,"All language panels discuss the development and significance of television but do not explicitly mention the inventor. The English panel focuses on technological evolution and historical context, while the Chinese panel emphasizes television as a 20th-century cultural phenomenon. The Korean and Russian panels describe technical aspects and terminology without attributing invention to specific individuals.","All panels are silent on the specific inventor of television, though the Chinese panel notes it as a 20th-century invention and the English panel references 1920s experimental forms. No panel provides a direct answer to the question of who invented television.",low,"{""labels"": [], ""summary"": ""All language panels discuss the development and significance of television but do not explicitly mention the inventor. The English panel focuses on technological evolution and historical context, while the Chinese panel emphasizes television as a 20th-century cultural phenomenon. The Korean and Russian panels describe technical aspects and terminology without attributing invention to specific individuals."", ""omission_notes"": ""All panels are silent on the specific inventor of television, though the Chinese panel notes it as a 20th-century invention and the English panel references 1920s experimental forms. No panel provides a direct answer to the question of who invented television."", ""confidence"": ""low""}"
T2-04,airplane,Who invented the airplane?,Type E — Definitional Boundary; Type B — Attribution; Type F — Omission,"The English and Korean panels disagree on the definition of 'airplane' and the inventor of the first aircraft. The English panel credits the Wright brothers as inventors of the first sustained and controlled heavier-than-air powered flight in 1903, while the Korean panel states that the first 'airplane' was invented by Gustave Whitehead in 1901, with the Wright brothers being the first powered aircraft. The Chinese panel aligns with the English on the Wright brothers' 1903 invention but does not mention Whitehead. The Russian panel is entirely silent on the invention of the airplane, omitting any discussion of inventors or dates.","The Russian panel does not address the invention of the airplane at all, focusing instead on terminology and aerodynamics. The English and Chinese panels provide clear attribution to the Wright brothers but do not mention Gustave Whitehead. The Korean panel explicitly attributes the first 'airplane' to Whitehead, which is not covered in the English or Chinese panels.",medium,"{""labels"": [""Type E — Definitional Boundary"", ""Type B — Attribution"", ""Type F — Omission""], ""summary"": ""The English and Korean panels disagree on the definition of 'airplane' and the inventor of the first aircraft. The English panel credits the Wright brothers as inventors of the first sustained and controlled heavier-than-air powered flight in 1903, while the Korean panel states that the first 'airplane' was invented by Gustave Whitehead in 1901, with the Wright brothers being the first powered aircraft. The Chinese panel aligns with the English on the Wright brothers' 1903 invention but does not mention Whitehead. The Russian panel is entirely silent on the invention of the airplane, omitting any discussion of inventors or dates."", ""omission_notes"": ""The Russian panel does not address the invention of the airplane at all, focusing instead on terminology and aerodynamics. The English and Chinese panels provide clear attribution to the Wright brothers but do not mention Gustave Whitehead. The Korean panel explicitly attributes the first 'airplane' to Whitehead, which is not covered in the English or Chinese panels."", ""confidence"": ""medium""}"
T2-05,steam engine,Who invented the steam engine?,Type B — Attribution,"The English and Chinese panels do not explicitly name inventors of the steam engine, while the Russian panel attributes its invention to Ferdinand Verbiest (1672) and Denis Papin (1698). This creates a clear attribution discrepancy between the language-specific results.","The English and Chinese panels focus on technical definitions and applications without mentioning specific inventors, whereas the Russian panel provides historical attribution. There is no genuine omission in the English or Chinese panels regarding the invention, as they do not address it directly.",medium,"{""labels"": [""Type B — Attribution""], ""summary"": ""The English and Chinese panels do not explicitly name inventors of the steam engine, while the Russian panel attributes its invention to Ferdinand Verbiest (1672) and Denis Papin (1698). This creates a clear attribution discrepancy between the language-specific results."", ""omission_notes"": ""The English and Chinese panels focus on technical definitions and applications without mentioning specific inventors, whereas the Russian panel provides historical attribution. There is no genuine omission in the English or Chinese panels regarding the invention, as they do not address it directly."", ""confidence"": ""medium""}"
T2-06,telegraph,Who invented the telegraph?,Type F — Omission,"The English panel attributes the invention of the telegraph to Claude Chappe, while the Chinese, Korean, and Russian panels do not mention any specific inventor, focusing instead on the timeline and development of telegraphy.","The Chinese, Korean, and Russian panels are silent on the specific inventor of the telegraph, whereas the English panel credits Claude Chappe with inventing the Chappe telegraph in the late 18th century.",medium,"{""labels"": [""Type F — Omission""], ""summary"": ""The English panel attributes the invention of the telegraph to Claude Chappe, while the Chinese, Korean, and Russian panels do not mention any specific inventor, focusing instead on the timeline and development of telegraphy."", ""omission_notes"": ""The Chinese, Korean, and Russian panels are silent on the specific inventor of the telegraph, whereas the English panel credits Claude Chappe with inventing the Chappe telegraph in the late 18th century."", ""confidence"": ""medium""}"
T2-07,phonograph,Who invented the phonograph?,Type B — Attribution; Type F — Omission,"The English and Korean panels credit Thomas Edison as the inventor of the phonograph, with the Korean text also noting Bell's laboratory improvements. The Chinese panel attributes the invention of the earliest sound wave recorder (considered the ancestor of the phonograph) to French inventor Scott in 1857, while also crediting Edison for later improvements. The Chinese text further mentions Berliner's 1888 demonstration of a disc phonograph, which the English and Korean panels do not address.","The English and Korean panels do not mention Scott's 1857 invention of the sound wave recorder, which the Chinese panel presents as the earliest form of the phonograph. The English and Korean texts focus on Edison's 1877 invention and Bell's later developments, omitting Scott's earlier contribution.",medium,"{""labels"": [""Type B — Attribution"", ""Type F — Omission""], ""summary"": ""The English and Korean panels credit Thomas Edison as the inventor of the phonograph, with the Korean text also noting Bell's laboratory improvements. The Chinese panel attributes the invention of the earliest sound wave recorder (considered the ancestor of the phonograph) to French inventor Scott in 1857, while also crediting Edison for later improvements. The Chinese text further mentions Berliner's 1888 demonstration of a disc phonograph, which the English and Korean panels do not address."", ""omission_notes"": ""The English and Korean panels do not mention Scott's 1857 invention of the sound wave recorder, which the Chinese panel presents as the earliest form of the phonograph. The English and Korean texts focus on Edison's 1877 invention and Bell's later developments, omitting Scott's earlier contribution."", ""confidence"": ""medium""}"
T2-08,anesthesia,Who invented anesthesia?,Type F — Omission,"All language panels provide definitions and classifications of anesthesia but do not mention its inventor. The English panel focuses on medical applications and drug categories, while the Chinese, Korean, and Russian panels similarly describe the state and types without historical attribution.","The English panel (en.wikipedia.org) omits any reference to the inventor of anesthesia, despite the query's focus on invention. The Chinese (zh.wikipedia.org) and Korean (ko.wikipedia.org) panels also fail to address the inventor, and the Russian (ru.wikipedia.org) panel similarly lacks historical context on the origin of anesthesia.",high,"{""labels"": [""Type F — Omission""], ""summary"": ""All language panels provide definitions and classifications of anesthesia but do not mention its inventor. The English panel focuses on medical applications and drug categories, while the Chinese, Korean, and Russian panels similarly describe the state and types without historical attribution."", ""omission_notes"": ""The English panel (en.wikipedia.org) omits any reference to the inventor of anesthesia, despite the query's focus on invention. The Chinese (zh.wikipedia.org) and Korean (ko.wikipedia.org) panels also fail to address the inventor, and the Russian (ru.wikipedia.org) panel similarly lacks historical context on the origin of anesthesia."", ""confidence"": ""high""}"
T2-09,calculus,Who invented calculus?,Type F — Omission,"The English panel explicitly attributes the invention of calculus to Isaac Newton and Gottfried Wilhelm Leibniz, stating they independently formulated it in the late 17th century. The Chinese, Korean, and Russian panels do not mention specific inventors, focusing instead on definitions, applications, and historical context without addressing the attribution of invention.",The Chinese and Korean panels provide detailed explanations of calculus concepts but omit any mention of Newton or Leibniz as inventors. The Russian panel discusses the historical precursors of mathematical analysis but also does not name specific inventors of calculus. The English panel is the only one that directly addresses the invention of calculus.,high,"{""labels"": [""Type F — Omission""], ""summary"": ""The English panel explicitly attributes the invention of calculus to Isaac Newton and Gottfried Wilhelm Leibniz, stating they independently formulated it in the late 17th century. The Chinese, Korean, and Russian panels do not mention specific inventors, focusing instead on definitions, applications, and historical context without addressing the attribution of invention."", ""omission_notes"": ""The Chinese and Korean panels provide detailed explanations of calculus concepts but omit any mention of Newton or Leibniz as inventors. The Russian panel discusses the historical precursors of mathematical analysis but also does not name specific inventors of calculus. The English panel is the only one that directly addresses the invention of calculus."", ""confidence"": ""high""}"
T2-10,periodic table,Who invented the periodic table?,Type B — Attribution; Type E — Definitional Boundary,"The English, Chinese, and Russian panels all credit Dmitri Mendeleev as the inventor of the periodic table, with the Russian panel noting his 1869 work. However, the Russian panel also attributes independent contributions to Lothar Meyer, while the English and Chinese panels omit this detail. The Korean panel shifts focus to the modern form of the periodic table, crediting Glenn T. Seaborg's 1945 discovery of the actinide series as its completion, which diverges from the historical context of Mendeleev's original invention.","The Korean panel does not mention Lothar Meyer or Mendeleev's 1869 work, instead emphasizing the modern structure. The English and Chinese panels do not address the role of Meyer or Seaborg's contributions to the modern form, focusing solely on Mendeleev's invention.",medium,"{""labels"": [""Type B — Attribution"", ""Type E — Definitional Boundary""], ""summary"": ""The English, Chinese, and Russian panels all credit Dmitri Mendeleev as the inventor of the periodic table, with the Russian panel noting his 1869 work. However, the Russian panel also attributes independent contributions to Lothar Meyer, while the English and Chinese panels omit this detail. The Korean panel shifts focus to the modern form of the periodic table, crediting Glenn T. Seaborg's 1945 discovery of the actinide series as its completion, which diverges from the historical context of Mendeleev's original invention."", ""omission_notes"": ""The Korean panel does not mention Lothar Meyer or Mendeleev's 1869 work, instead emphasizing the modern structure. The English and Chinese panels do not address the role of Meyer or Seaborg's contributions to the modern form, focusing solely on Mendeleev's invention."", ""confidence"": ""medium""}"
T2-11,insulin,Who invented insulin?,Type F — Omission,"The English Wikipedia panel discusses insulin's biological function and metabolic role but does not mention its inventor. The Chinese panel focuses on insulin's medical applications and chemical structure without attributing its invention. The Korean panel lists protein structure codes (PDB IDs) related to insulin, which are not relevant to the question. The Russian panel describes insulin's physiological effects and connection to diabetes but also omits any mention of its inventor.","All panels are silent on the question of insulin's inventor. The English and Chinese panels prioritize biological/medical explanations, while the Korean panel focuses on structural data and the Russian panel emphasizes physiological mechanisms. None of the language-specific results address the historical attribution of insulin's discovery.",high,"{""labels"": [""Type F — Omission""], ""summary"": ""The English Wikipedia panel discusses insulin's biological function and metabolic role but does not mention its inventor. The Chinese panel focuses on insulin's medical applications and chemical structure without attributing its invention. The Korean panel lists protein structure codes (PDB IDs) related to insulin, which are not relevant to the question. The Russian panel describes insulin's physiological effects and connection to diabetes but also omits any mention of its inventor."", ""omission_notes"": ""All panels are silent on the question of insulin's inventor. The English and Chinese panels prioritize biological/medical explanations, while the Korean panel focuses on structural data and the Russian panel emphasizes physiological mechanisms. None of the language-specific results address the historical attribution of insulin's discovery."", ""confidence"": ""high""}"
T2-12,sewing machine,Who invented the sewing machine?,Type F — Omission,"The English, Chinese, and Russian panels all credit Thomas Saint as the inventor of the sewing machine in the late 18th century (1790), with additional details about his design and its limited commercial success. The Korean panel, however, does not mention any specific inventor or historical attribution, focusing instead on terminology and machine functionality without addressing the invention's origin.","The Korean panel is entirely silent on the inventor of the sewing machine, omitting any reference to Thomas Saint or other historical figures. The English, Chinese, and Russian panels explicitly name Saint as the inventor, with the Russian panel also noting his inability to commercialize the invention.",high,"{""labels"": [""Type F — Omission""], ""summary"": ""The English, Chinese, and Russian panels all credit Thomas Saint as the inventor of the sewing machine in the late 18th century (1790), with additional details about his design and its limited commercial success. The Korean panel, however, does not mention any specific inventor or historical attribution, focusing instead on terminology and machine functionality without addressing the invention's origin."", ""omission_notes"": ""The Korean panel is entirely silent on the inventor of the sewing machine, omitting any reference to Thomas Saint or other historical figures. The English, Chinese, and Russian panels explicitly name Saint as the inventor, with the Russian panel also noting his inability to commercialize the invention."", ""confidence"": ""high""}"
T2-13,helicopter,Who invented the helicopter?,Type B — Attribution; Type F — Omission,"The English panel credits Igor Sikorsky and the Focke-Wulf Fw 61 as key figures in helicopter development, while the Chinese and Russian panels do not mention specific inventors. The Russian panel focuses on the term 'вертолёт' and its origin, which is distinct from the invention of the helicopter itself.","The Chinese panel is entirely silent on the invention of the helicopter, focusing only on its characteristics. The Russian panel discusses terminology and a specific project (KAСКР-1) but does not address the invention of the helicopter directly.",medium,"{""labels"": [""Type B — Attribution"", ""Type F — Omission""], ""summary"": ""The English panel credits Igor Sikorsky and the Focke-Wulf Fw 61 as key figures in helicopter development, while the Chinese and Russian panels do not mention specific inventors. The Russian panel focuses on the term 'вертолёт' and its origin, which is distinct from the invention of the helicopter itself."", ""omission_notes"": ""The Chinese panel is entirely silent on the invention of the helicopter, focusing only on its characteristics. The Russian panel discusses terminology and a specific project (KAСКР-1) but does not address the invention of the helicopter directly."", ""confidence"": ""medium""}"
T2-14,submarine,Who invented the submarine?,Type F — Omission,"The English and Chinese panels do not mention William Bourne as the inventor of the submarine, while the Russian panel explicitly credits him with describing a Greenlandic submarine in 1578. The English panel focuses on 19th-century design advancements and World War I adoption, whereas the Russian panel highlights early historical examples. The Korean panel discusses the evolution of submarines but does not specify an inventor.","The English and Chinese panels omit any mention of William Bourne or specific historical inventors, while the Russian panel includes him. The Korean panel does not address the invention of submarines directly but discusses their development history.",medium,"{""labels"": [""Type F — Omission""], ""summary"": ""The English and Chinese panels do not mention William Bourne as the inventor of the submarine, while the Russian panel explicitly credits him with describing a Greenlandic submarine in 1578. The English panel focuses on 19th-century design advancements and World War I adoption, whereas the Russian panel highlights early historical examples. The Korean panel discusses the evolution of submarines but does not specify an inventor."", ""omission_notes"": ""The English and Chinese panels omit any mention of William Bourne or specific historical inventors, while the Russian panel includes him. The Korean panel does not address the invention of submarines directly but discusses their development history."", ""confidence"": ""medium""}"
T2-16,vaccination,Who invented vaccination?,No label returned,"All language-specific panels focus on explaining the concept, mechanisms, and benefits of vaccination, but none explicitly mention the inventor. The English panel emphasizes eradication of smallpox and modern vaccine examples, while the Chinese and Korean panels discuss historical terminology (e.g., '种痘' in Chinese, '种痘' in Korean) without attributing it to a specific individual. The Russian panel provides a technical definition without naming the inventor.","All panels omit the name of the inventor, though the Chinese and Korean snippets reference historical practices (variolation) that predate modern vaccination. The English panel does not address the inventor at all, while the Russian panel focuses on the process rather than the origin.",low,"{""labels"": [], ""summary"": ""All language-specific panels focus on explaining the concept, mechanisms, and benefits of vaccination, but none explicitly mention the inventor. The English panel emphasizes eradication of smallpox and modern vaccine examples, while the Chinese and Korean panels discuss historical terminology (e.g., '种痘' in Chinese, '种痘' in Korean) without attributing it to a specific individual. The Russian panel provides a technical definition without naming the inventor."", ""omission_notes"": ""All panels omit the name of the inventor, though the Chinese and Korean snippets reference historical practices (variolation) that predate modern vaccination. The English panel does not address the inventor at all, while the Russian panel focuses on the process rather than the origin."", ""confidence"": ""low""}"
T2-17,compass,Who invented the compass?,Type B — Attribution; Type F — Omission,"The English panel attributes the invention of the magnetic compass to the Chinese Han dynasty for divination purposes and later adoption by the Song dynasty for navigation. The Chinese, Korean, and Russian panels collectively credit the Song dynasty as the inventor, with the Russian panel explicitly citing the Song dynasty's role in the Four Great Inventions. The Korean panel also emphasizes the Song dynasty's use of the compass for desert navigation, while the Chinese panel focuses on its general applications without specifying the Han dynasty's role.","The Chinese panel does not mention the Han dynasty's contribution to the invention of the compass, despite the English panel explicitly stating it. The Korean and Russian panels do not address the Han dynasty's role in the invention, though they do reference the Song dynasty. The English panel provides a detailed historical timeline, while the others omit this specific attribution.",high,"{""labels"": [""Type B — Attribution"", ""Type F — Omission""], ""summary"": ""The English panel attributes the invention of the magnetic compass to the Chinese Han dynasty for divination purposes and later adoption by the Song dynasty for navigation. The Chinese, Korean, and Russian panels collectively credit the Song dynasty as the inventor, with the Russian panel explicitly citing the Song dynasty's role in the Four Great Inventions. The Korean panel also emphasizes the Song dynasty's use of the compass for desert navigation, while the Chinese panel focuses on its general applications without specifying the Han dynasty's role."", ""omission_notes"": ""The Chinese panel does not mention the Han dynasty's contribution to the invention of the compass, despite the English panel explicitly stating it. The Korean and Russian panels do not address the Han dynasty's role in the invention, though they do reference the Song dynasty. The English panel provides a detailed historical timeline, while the others omit this specific attribution."", ""confidence"": ""high""}"
T2-18,paper,Who invented paper?,No label returned,"All panels agree that Cai Lun is credited with inventing paper in East Asia around 105 CE. The English and Korean sources mention archaeological evidence of paper-like materials from the 2nd century BCE, while the Chinese source focuses on the invention's significance in enabling affordable knowledge preservation.","The Chinese panel does not discuss the 2nd century BCE paper-like materials mentioned in the English and Korean sources. The English and Korean panels provide more detailed historical context about earlier materials, which the Chinese panel omits.",high,"{""labels"": [], ""summary"": ""All panels agree that Cai Lun is credited with inventing paper in East Asia around 105 CE. The English and Korean sources mention archaeological evidence of paper-like materials from the 2nd century BCE, while the Chinese source focuses on the invention's significance in enabling affordable knowledge preservation."", ""omission_notes"": ""The Chinese panel does not discuss the 2nd century BCE paper-like materials mentioned in the English and Korean sources. The English and Korean panels provide more detailed historical context about earlier materials, which the Chinese panel omits."", ""confidence"": ""high""}"
T2-19,gunpowder,Who invented gunpowder?,Type F — Omission,"The Chinese and Korean panels both attribute the invention of gunpowder to China, with the Korean panel specifying it was developed during the Middle Ages and mentioning the 9th-century origins. The English panel does not explicitly state who invented gunpowder, focusing instead on its composition and historical usage without addressing the inventor directly.","The English panel is silent on the specific inventor or cultural origin of gunpowder, while the Chinese and Korean panels clearly state it was invented in China. This omission is distinct from the other panels' explicit attribution.",medium,"{""labels"": [""Type F — Omission""], ""summary"": ""The Chinese and Korean panels both attribute the invention of gunpowder to China, with the Korean panel specifying it was developed during the Middle Ages and mentioning the 9th-century origins. The English panel does not explicitly state who invented gunpowder, focusing instead on its composition and historical usage without addressing the inventor directly."", ""omission_notes"": ""The English panel is silent on the specific inventor or cultural origin of gunpowder, while the Chinese and Korean panels clearly state it was invented in China. This omission is distinct from the other panels' explicit attribution."", ""confidence"": ""medium""}"
T2-20,mechanical clock,Who invented the mechanical clock?,Type F — Omission,"The English and Chinese panels both attribute the invention of the mechanical clock to Europe around 1300, emphasizing the verge escapement and balance wheel as key components. The Korean and Russian panels focus on earlier timekeeping methods like sundials and water clocks but do not mention the invention of the mechanical clock itself, instead discussing its historical context and limitations.",The Korean panel discusses sundials and their limitations but omits any direct mention of mechanical clock invention. The Russian panel focuses on sundial accuracy and archaeological findings but does not address the mechanical clock's invention. The English and Chinese panels explicitly state the invention occurred in Europe around 1300 with the verge escapement.,medium,"{""labels"": [""Type F — Omission""], ""summary"": ""The English and Chinese panels both attribute the invention of the mechanical clock to Europe around 1300, emphasizing the verge escapement and balance wheel as key components. The Korean and Russian panels focus on earlier timekeeping methods like sundials and water clocks but do not mention the invention of the mechanical clock itself, instead discussing its historical context and limitations."", ""omission_notes"": ""The Korean panel discusses sundials and their limitations but omits any direct mention of mechanical clock invention. The Russian panel focuses on sundial accuracy and archaeological findings but does not address the mechanical clock's invention. The English and Chinese panels explicitly state the invention occurred in Europe around 1300 with the verge escapement."", ""confidence"": ""medium""}"
T2-21,electric motor,Who invented the electric motor?,No label returned,"All language panels describe the function and principles of electric motors but do not mention specific inventors or historical figures associated with their development. The English panel focuses on technical classifications and operation, the Chinese panel contrasts electric motors with other engine types, the Korean panel explains the Lorentz force mechanism, and the Russian panel details electromagnetic induction principles.","None of the panels explicitly address the question of who invented the electric motor. The English panel provides no inventor information, while the Chinese, Korean, and Russian panels also omit this detail despite discussing technical aspects.",low,"{""labels"": [], ""summary"": ""All language panels describe the function and principles of electric motors but do not mention specific inventors or historical figures associated with their development. The English panel focuses on technical classifications and operation, the Chinese panel contrasts electric motors with other engine types, the Korean panel explains the Lorentz force mechanism, and the Russian panel details electromagnetic induction principles."", ""omission_notes"": ""None of the panels explicitly address the question of who invented the electric motor. The English panel provides no inventor information, while the Chinese, Korean, and Russian panels also omit this detail despite discussing technical aspects."", ""confidence"": ""low""}"
T2-23,photography,Who invented photography?,Type B — Attribution; Type F — Omission,"The Russian panel attributes the invention of photography to Joseph Nicéphore Niépce, citing his creation of the first stable photographic image in 1822. The English and Chinese panels do not mention any specific inventor, focusing instead on definitions and equipment. The Korean panel discusses the etymology of the term 'photography' but also omits direct attribution to an inventor.","The English and Chinese panels are silent on the inventor of photography, while the Korean panel does not explicitly mention the inventor despite discussing terminology. The Russian panel provides a clear attribution but is cut off mid-sentence, leaving uncertainty about its completeness.",medium,"{""labels"": [""Type B — Attribution"", ""Type F — Omission""], ""summary"": ""The Russian panel attributes the invention of photography to Joseph Nicéphore Niépce, citing his creation of the first stable photographic image in 1822. The English and Chinese panels do not mention any specific inventor, focusing instead on definitions and equipment. The Korean panel discusses the etymology of the term 'photography' but also omits direct attribution to an inventor."", ""omission_notes"": ""The English and Chinese panels are silent on the inventor of photography, while the Korean panel does not explicitly mention the inventor despite discussing terminology. The Russian panel provides a clear attribution but is cut off mid-sentence, leaving uncertainty about its completeness."", ""confidence"": ""medium""}"
T2-24,bicycle,Who invented the bicycle?,Type B — Attribution,"The English and Chinese panels agree that the bicycle was invented in Europe in the 19th century but do not specify individual inventors. The Korean panel highlights a debate over which country (Germany, France, or Britain) is credited with the invention, emphasizing national claims rather than a single inventor.",The English and Chinese panels focus on the timeline and general impact of the bicycle's invention without attributing it to specific individuals or countries. The Korean panel does not omit information about the invention itself but instead centers the discussion on national attribution disputes.,high,"{""labels"": [""Type B — Attribution""], ""summary"": ""The English and Chinese panels agree that the bicycle was invented in Europe in the 19th century but do not specify individual inventors. The Korean panel highlights a debate over which country (Germany, France, or Britain) is credited with the invention, emphasizing national claims rather than a single inventor."", ""omission_notes"": ""The English and Chinese panels focus on the timeline and general impact of the bicycle's invention without attributing it to specific individuals or countries. The Korean panel does not omit information about the invention itself but instead centers the discussion on national attribution disputes."", ""confidence"": ""high""}"
T2-25,aspirin,Who invented aspirin?,Type F — Omission,"The English, Chinese, and Korean panels do not mention the inventor of aspirin, while the Russian panel refers to the trade name 'Аспирин' being patented by the German company 'Bayer'. This suggests the Russian panel provides a different detail (patent holder) compared to the others, which are silent on the inventor.","The English, Chinese, and Korean panels focus on aspirin's pharmacological properties, uses, and side effects without addressing its inventor. The Russian panel explicitly states the trade name is patented by Bayer but does not mention the individual inventor (Felix Hoffmann).",medium,"{""labels"": [""Type F — Omission""], ""summary"": ""The English, Chinese, and Korean panels do not mention the inventor of aspirin, while the Russian panel refers to the trade name 'Аспирин' being patented by the German company 'Bayer'. This suggests the Russian panel provides a different detail (patent holder) compared to the others, which are silent on the inventor."", ""omission_notes"": ""The English, Chinese, and Korean panels focus on aspirin's pharmacological properties, uses, and side effects without addressing its inventor. The Russian panel explicitly states the trade name is patented by Bayer but does not mention the individual inventor (Felix Hoffmann)."", ""confidence"": ""medium""}"
T2-26,stethoscope,Who invented the stethoscope?,Type A — Factual Divergence; Type B — Attribution,"The English and Korean panels agree that René Laennec invented the original stethoscope in 1816. However, they diverge on the binaural version: the English panel credits Arthur Leared in 1851, while the Korean panel attributes it to Kaman in 1854. The Russian panel does not mention the invention of the stethoscope at all.","The Russian panel is entirely silent on the invention of the stethoscope, focusing instead on its medical functions and components. The English and Korean panels provide specific details about the invention timeline and inventors.",medium,"{""labels"": [""Type A — Factual Divergence"", ""Type B — Attribution""], ""summary"": ""The English and Korean panels agree that René Laennec invented the original stethoscope in 1816. However, they diverge on the binaural version: the English panel credits Arthur Leared in 1851, while the Korean panel attributes it to Kaman in 1854. The Russian panel does not mention the invention of the stethoscope at all."", ""omission_notes"": ""The Russian panel is entirely silent on the invention of the stethoscope, focusing instead on its medical functions and components. The English and Korean panels provide specific details about the invention timeline and inventors."", ""confidence"": ""medium""}"
T2-27,microwave oven,Who invented the microwave oven?,Type B — Attribution; Type F — Omission,"The English panel credits American engineer Percy Spencer as the inventor of the first commercial microwave oven, the 'Radarange,' developed based on British radar technology. The Chinese panel emphasizes the advancement of multi-cavity magnetron technology in the UK but does not explicitly name an inventor. The Korean and Russian panels focus on the technical principles and applications of microwave ovens without mentioning specific inventors.","The Korean and Russian panels are silent on the specific inventor of the microwave oven, while the Chinese panel discusses the technological development but does not attribute the invention to an individual. The English panel provides a clear inventor attribution.",medium,"{""labels"": [""Type B — Attribution"", ""Type F — Omission""], ""summary"": ""The English panel credits American engineer Percy Spencer as the inventor of the first commercial microwave oven, the 'Radarange,' developed based on British radar technology. The Chinese panel emphasizes the advancement of multi-cavity magnetron technology in the UK but does not explicitly name an inventor. The Korean and Russian panels focus on the technical principles and applications of microwave ovens without mentioning specific inventors."", ""omission_notes"": ""The Korean and Russian panels are silent on the specific inventor of the microwave oven, while the Chinese panel discusses the technological development but does not attribute the invention to an individual. The English panel provides a clear inventor attribution."", ""confidence"": ""medium""}"
T2-28,vacuum cleaner,Who invented the vacuum cleaner?,Type A — Factual Divergence; Type B — Attribution; Type F — Omission,"The Chinese and Korean panels credit Hubert Cecil Booth as the inventor of the vacuum cleaner, with the Chinese panel specifying 1901 as the year. The Russian panel attributes the invention to Daniel Hess, citing a patent from 1860. The English panel does not mention the inventor at all, focusing instead on the function and usage of vacuum cleaners.","The English panel is entirely silent on the inventor of the vacuum cleaner, while the Chinese and Korean panels explicitly name Hubert Cecil Booth. The Russian panel provides an alternative attribution but does not omit the inventor entirely.",medium,"{""labels"": [""Type A — Factual Divergence"", ""Type B — Attribution"", ""Type F — Omission""], ""summary"": ""The Chinese and Korean panels credit Hubert Cecil Booth as the inventor of the vacuum cleaner, with the Chinese panel specifying 1901 as the year. The Russian panel attributes the invention to Daniel Hess, citing a patent from 1860. The English panel does not mention the inventor at all, focusing instead on the function and usage of vacuum cleaners."", ""omission_notes"": ""The English panel is entirely silent on the inventor of the vacuum cleaner, while the Chinese and Korean panels explicitly name Hubert Cecil Booth. The Russian panel provides an alternative attribution but does not omit the inventor entirely."", ""confidence"": ""medium""}"
T2-29,locomotive,Who invented the locomotive?,Type F — Omission,"The English, Chinese, and Korean panels all attribute the invention of the locomotive to Richard Trevithick, citing his 1804 development of the Penydarren Hall. The Russian panel, however, focuses exclusively on the etymology of the term 'locomotive' and does not mention Trevithick or any inventor in the context of the locomotive's creation.","The Russian panel is entirely silent on the inventor of the locomotive, whereas the English, Chinese, and Korean panels explicitly name Richard Trevithick as the inventor. The Chinese panel also omits details about Trevithick's 1808 demonstration and the track failure, but still attributes the invention to him.",high,"{""labels"": [""Type F — Omission""], ""summary"": ""The English, Chinese, and Korean panels all attribute the invention of the locomotive to Richard Trevithick, citing his 1804 development of the Penydarren Hall. The Russian panel, however, focuses exclusively on the etymology of the term 'locomotive' and does not mention Trevithick or any inventor in the context of the locomotive's creation."", ""omission_notes"": ""The Russian panel is entirely silent on the inventor of the locomotive, whereas the English, Chinese, and Korean panels explicitly name Richard Trevithick as the inventor. The Chinese panel also omits details about Trevithick's 1808 demonstration and the track failure, but still attributes the invention to him."", ""confidence"": ""high""}"
T2-30,typewriter,Who invented the typewriter?,Type B — Attribution; Type F — Omission,"The English and Korean panels credit Christopher Latham Sholes and Carlos Glidden with developing the first commercially successful typewriter in 1874, while the Chinese panel attributes invention to Bi Sheng, a 11th-century Chinese inventor known for movable type printing. The Russian panel does not mention the typewriter's invention at all, focusing instead on its mechanism and historical usage.","The Russian panel is entirely silent on the invention of the typewriter, omitting any mention of inventors or historical attribution. The Chinese panel emphasizes Bi Sheng as the inventor, while the English and Korean panels do not reference him.",high,"{""labels"": [""Type B — Attribution"", ""Type F — Omission""], ""summary"": ""The English and Korean panels credit Christopher Latham Sholes and Carlos Glidden with developing the first commercially successful typewriter in 1874, while the Chinese panel attributes invention to Bi Sheng, a 11th-century Chinese inventor known for movable type printing. The Russian panel does not mention the typewriter's invention at all, focusing instead on its mechanism and historical usage."", ""omission_notes"": ""The Russian panel is entirely silent on the invention of the typewriter, omitting any mention of inventors or historical attribution. The Chinese panel emphasizes Bi Sheng as the inventor, while the English and Korean panels do not reference him."", ""confidence"": ""high""}"
T3-01,Australia,Who discovered Australia?,Type F — Omission,"The English and Korean panels explicitly mention the Netherlands as the first European discoverers of Australia in the 17th century, while the Chinese panel only states that the continent was discovered during the 17th century Age of Exploration without specifying the exact European nation or individuals responsible. The English panel also highlights the indigenous Aboriginal Australians' long-standing presence, which the Chinese panel does not address directly.","The Chinese panel omits the specific European discoverers (e.g., the Dutch) and focuses solely on the general timeframe of discovery. The English and Korean panels provide detailed accounts of the Dutch's role in the 17th-century exploration and colonization, with the Korean panel explicitly naming the Netherlands as the discoverers in 1606.",medium,"{""labels"": [""Type F — Omission""], ""summary"": ""The English and Korean panels explicitly mention the Netherlands as the first European discoverers of Australia in the 17th century, while the Chinese panel only states that the continent was discovered during the 17th century Age of Exploration without specifying the exact European nation or individuals responsible. The English panel also highlights the indigenous Aboriginal Australians' long-standing presence, which the Chinese panel does not address directly."", ""omission_notes"": ""The Chinese panel omits the specific European discoverers (e.g., the Dutch) and focuses solely on the general timeframe of discovery. The English and Korean panels provide detailed accounts of the Dutch's role in the 17th-century exploration and colonization, with the Korean panel explicitly naming the Netherlands as the discoverers in 1606."", ""confidence"": ""medium""}"
T3-02,New Zealand,Who discovered New Zealand?,Type F — Omission,"English and Chinese panels both attribute the first European sighting of New Zealand to Abel Tasman in 1642 and mention James Cook's arrival in 1769. The Korean panel discusses Tasman's discovery but does not mention Cook at all, while the Russian panel provides no information about European discovery of New Zealand.","The Russian panel completely omits any mention of European explorers or the discovery timeline, whereas the Korean panel focuses on the 1642 discovery and the 1840 Treaty of Waitangi without addressing Cook's 1769 arrival. English and Chinese panels include both Tasman and Cook in their accounts.",high,"{""labels"": [""Type F — Omission""], ""summary"": ""English and Chinese panels both attribute the first European sighting of New Zealand to Abel Tasman in 1642 and mention James Cook's arrival in 1769. The Korean panel discusses Tasman's discovery but does not mention Cook at all, while the Russian panel provides no information about European discovery of New Zealand."", ""omission_notes"": ""The Russian panel completely omits any mention of European explorers or the discovery timeline, whereas the Korean panel focuses on the 1642 discovery and the 1840 Treaty of Waitangi without addressing Cook's 1769 arrival. English and Chinese panels include both Tasman and Cook in their accounts."", ""confidence"": ""high""}"
T3-03,Antarctica,Who discovered Antarctica?,Type F — Omission,"The English and Chinese panels both credit Russian explorers Mikhail Lazarev and Fabian Gottlieb von Bellingshausen as the first to confirm the existence of Antarctica in 1820. The Korean panel adds that the continent was officially named 'Antarctica' by John George Bartholomew in the 1890s. The Russian panel does not mention the discovery or naming of Antarctica at all, focusing instead on geographical descriptions.","The Russian panel is entirely silent on the discovery and naming of Antarctica, while the English panel only mentions the first confirmed sighting without addressing the naming. The Chinese and Korean panels provide both the discovery and naming details.",medium,"{""labels"": [""Type F — Omission""], ""summary"": ""The English and Chinese panels both credit Russian explorers Mikhail Lazarev and Fabian Gottlieb von Bellingshausen as the first to confirm the existence of Antarctica in 1820. The Korean panel adds that the continent was officially named 'Antarctica' by John George Bartholomew in the 1890s. The Russian panel does not mention the discovery or naming of Antarctica at all, focusing instead on geographical descriptions."", ""omission_notes"": ""The Russian panel is entirely silent on the discovery and naming of Antarctica, while the English panel only mentions the first confirmed sighting without addressing the naming. The Chinese and Korean panels provide both the discovery and naming details."", ""confidence"": ""medium""}"
T3-04,Hawaii,Who discovered Hawaii?,Type F — Omission,"All language panels focus on Hawaii's geographical and political status, mentioning its location, statehood, and cultural aspects. None address the historical discovery of Hawaii, instead emphasizing its formation as a U.S. state, indigenous Polynesian origins, or colonial annexation without attributing a specific discoverer.",English and Chinese panels discuss Hawaii's status as a U.S. state and its Polynesian heritage but omit any mention of European discovery. Korean panel references the kingdom's history and U.S. annexation without specifying a discoverer or explorer. The discovery narrative is entirely absent across all language-specific results.,medium,"{""labels"": [""Type F — Omission""], ""summary"": ""All language panels focus on Hawaii's geographical and political status, mentioning its location, statehood, and cultural aspects. None address the historical discovery of Hawaii, instead emphasizing its formation as a U.S. state, indigenous Polynesian origins, or colonial annexation without attributing a specific discoverer."", ""omission_notes"": ""English and Chinese panels discuss Hawaii's status as a U.S. state and its Polynesian heritage but omit any mention of European discovery. Korean panel references the kingdom's history and U.S. annexation without specifying a discoverer or explorer. The discovery narrative is entirely absent across all language-specific results."", ""confidence"": ""medium""}"
T3-05,Greenland,Who discovered Greenland?,Type F — Omission,"The English and Chinese panels both mention Norse settlers from Norway arriving in southern Greenland in the 10th century and Inuit presence since the 13th century. The Korean panel similarly references Norse settlements and Inuit arrival but omits explicit claims about discovery. The Russian panel provides no information about the discovery of Greenland, focusing only on political status changes.","The Russian panel entirely excludes any discussion of Greenland's discovery or early inhabitants, while the English, Chinese, and Korean panels all include details about Norse settlements and Inuit presence. The omission is not merely a difference in emphasis but a complete absence of relevant information.",medium,"{""labels"": [""Type F — Omission""], ""summary"": ""The English and Chinese panels both mention Norse settlers from Norway arriving in southern Greenland in the 10th century and Inuit presence since the 13th century. The Korean panel similarly references Norse settlements and Inuit arrival but omits explicit claims about discovery. The Russian panel provides no information about the discovery of Greenland, focusing only on political status changes."", ""omission_notes"": ""The Russian panel entirely excludes any discussion of Greenland's discovery or early inhabitants, while the English, Chinese, and Korean panels all include details about Norse settlements and Inuit presence. The omission is not merely a difference in emphasis but a complete absence of relevant information."", ""confidence"": ""medium""}"
T3-06,structure of DNA,Who discovered the structure of DNA?,Type B — Attribution; Type D — Framing,"The English panel attributes the discovery of DNA's double-helix structure to James Watson and Francis Crick, emphasizing their proposal based on Rosalind Franklin's work. The Chinese and Korean panels explicitly credit Watson and Crick as the discoverers, while also highlighting Franklin's critical contributions. The Russian panel similarly credits Watson and Crick for the discovery but notes the term became popular through Watson's 1968 book, framing the discovery as a culmination of collaborative efforts.","The English panel does not explicitly state Franklin as the discoverer, though it acknowledges her foundational work. The Chinese and Korean panels include Franklin's role in the discovery process, while the Russian panel focuses on the term's popularization rather than omitting key contributors.",medium,"{""labels"": [""Type B — Attribution"", ""Type D — Framing""], ""summary"": ""The English panel attributes the discovery of DNA's double-helix structure to James Watson and Francis Crick, emphasizing their proposal based on Rosalind Franklin's work. The Chinese and Korean panels explicitly credit Watson and Crick as the discoverers, while also highlighting Franklin's critical contributions. The Russian panel similarly credits Watson and Crick for the discovery but notes the term became popular through Watson's 1968 book, framing the discovery as a culmination of collaborative efforts."", ""omission_notes"": ""The English panel does not explicitly state Franklin as the discoverer, though it acknowledges her foundational work. The Chinese and Korean panels include Franklin's role in the discovery process, while the Russian panel focuses on the term's popularization rather than omitting key contributors."", ""confidence"": ""medium""}"
T3-07,Neptune,Who discovered Neptune?,Type D — Framing,"All panels agree that Neptune was discovered through mathematical prediction rather than direct observation. English panels emphasize the role of Bouvard's orbital anomalies and Le Verrier's calculations, while Korean and Russian panels focus on Le Verrier's 1840s predictions and Galle's 1846 observations. Chinese panels highlight the phrase 'calculated on the tip of a pen' to underscore the predictive nature of the discovery, framing it as a unique achievement in astronomical methodology.",No panel is genuinely silent on the core discovery fact. All include the key elements of mathematical prediction and the involvement of Le Verrier/Galle. Chinese panels provide additional context about Neptune's physical characteristics but do not omit the discovery process. Russian panels mention Voyager-2's flyby but do not omit the primary discovery narrative.,high,"{""labels"": [""Type D — Framing""], ""summary"": ""All panels agree that Neptune was discovered through mathematical prediction rather than direct observation. English panels emphasize the role of Bouvard's orbital anomalies and Le Verrier's calculations, while Korean and Russian panels focus on Le Verrier's 1840s predictions and Galle's 1846 observations. Chinese panels highlight the phrase 'calculated on the tip of a pen' to underscore the predictive nature of the discovery, framing it as a unique achievement in astronomical methodology."", ""omission_notes"": ""No panel is genuinely silent on the core discovery fact. All include the key elements of mathematical prediction and the involvement of Le Verrier/Galle. Chinese panels provide additional context about Neptune's physical characteristics but do not omit the discovery process. Russian panels mention Voyager-2's flyby but do not omit the primary discovery narrative."", ""confidence"": ""high""}"
T3-08,continental drift,Who discovered continental drift?,Type D — Framing,"All panels agree that Alfred Wegener systematically developed the continental drift theory in 1915, but they differ in emphasis. English and Chinese panels focus on Wegener's hypothesis and its eventual validation through mantle convection theory, while the Korean panel highlights earlier observations by multiple scientists (e.g., Francis Bacon, Antonio Snider-Pellegrini) about continental shape matches, framing the discovery as a cumulative process rather than a single origin point.","The Korean panel explicitly mentions additional contributors (Bacon, Plaque, Lilienthal, Humboldt, Snider-Pellegrini) who observed continental fit before Wegener, while English and Chinese panels do not emphasize these earlier figures. No panel is entirely silent on the core discovery attribution.",high,"{""labels"": [""Type D — Framing""], ""summary"": ""All panels agree that Alfred Wegener systematically developed the continental drift theory in 1915, but they differ in emphasis. English and Chinese panels focus on Wegener's hypothesis and its eventual validation through mantle convection theory, while the Korean panel highlights earlier observations by multiple scientists (e.g., Francis Bacon, Antonio Snider-Pellegrini) about continental shape matches, framing the discovery as a cumulative process rather than a single origin point."", ""omission_notes"": ""The Korean panel explicitly mentions additional contributors (Bacon, Plaque, Lilienthal, Humboldt, Snider-Pellegrini) who observed continental fit before Wegener, while English and Chinese panels do not emphasize these earlier figures. No panel is entirely silent on the core discovery attribution."", ""confidence"": ""high""}"
T3-09,evolution by natural selection,Who discovered evolution by natural selection?,Type B — Attribution; Type F — Omission,"The English panel attributes the discovery of evolution by natural selection to Charles Darwin alone, emphasizing his popularization of the term. The Chinese and Korean panels explicitly credit both Charles Darwin and Alfred Russel Wallace as co-proposers of the concept in 1858. The English panel's focus on Darwin's role in popularizing the term contrasts with the broader attribution of discovery in other language panels.","The English panel omits mention of Alfred Russel Wallace entirely, while the Chinese and Korean panels include him as a co-discoverer. This omission is significant as Wallace's independent contribution is widely recognized in scientific discourse.",medium,"{""labels"": [""Type B — Attribution"", ""Type F — Omission""], ""summary"": ""The English panel attributes the discovery of evolution by natural selection to Charles Darwin alone, emphasizing his popularization of the term. The Chinese and Korean panels explicitly credit both Charles Darwin and Alfred Russel Wallace as co-proposers of the concept in 1858. The English panel's focus on Darwin's role in popularizing the term contrasts with the broader attribution of discovery in other language panels."", ""omission_notes"": ""The English panel omits mention of Alfred Russel Wallace entirely, while the Chinese and Korean panels include him as a co-discoverer. This omission is significant as Wallace's independent contribution is widely recognized in scientific discourse."", ""confidence"": ""medium""}"
T3-10,oxygen,Who discovered oxygen?,Type F — Omission,"All language panels discuss oxygen's chemical properties, abundance in Earth's crust and atmosphere, and its role in natural processes like photosynthesis and ozone layer formation. However, none of the panels explicitly mention the historical discovery of oxygen by scientists such as Joseph Priestley or Carl Wilhelm Scheele.","The English, Chinese, Korean, and Russian panels all focus on oxygen's physical and chemical characteristics, its presence in the environment, and its biological significance. None address the question of who discovered oxygen, leaving this key historical fact unmentioned across all language-specific results.",low,"{""labels"": [""Type F — Omission""], ""summary"": ""All language panels discuss oxygen's chemical properties, abundance in Earth's crust and atmosphere, and its role in natural processes like photosynthesis and ozone layer formation. However, none of the panels explicitly mention the historical discovery of oxygen by scientists such as Joseph Priestley or Carl Wilhelm Scheele."", ""omission_notes"": ""The English, Chinese, Korean, and Russian panels all focus on oxygen's physical and chemical characteristics, its presence in the environment, and its biological significance. None address the question of who discovered oxygen, leaving this key historical fact unmentioned across all language-specific results."", ""confidence"": ""low""}"
T3-11,radioactivity,Who discovered radioactivity?,No label returned,"None of the language panels explicitly mention the discoverer of radioactivity. The English, Chinese, Korean, and Russian results focus on explaining the process, types of decay, and related concepts without attributing the discovery to a specific individual.",All panels are silent on the central question of who discovered radioactivity. The content provided discusses scientific principles and terminology but does not address the historical attribution of the discovery.,low,"{""labels"": [], ""summary"": ""None of the language panels explicitly mention the discoverer of radioactivity. The English, Chinese, Korean, and Russian results focus on explaining the process, types of decay, and related concepts without attributing the discovery to a specific individual."", ""omission_notes"": ""All panels are silent on the central question of who discovered radioactivity. The content provided discusses scientific principles and terminology but does not address the historical attribution of the discovery."", ""confidence"": ""low""}"
T3-12,source of the Nile,Who discovered the source of the Nile?,Type F — Omission,"The English panel discusses the geographical sources of the Nile (White Nile and Blue Nile) but does not mention any discoverer. The Chinese, Korean, and Russian panels do not address the source of the Nile at all, omitting any discussion of its origin or discovery.","The English panel provides details about the river's sources but remains silent on the historical figure or entity responsible for discovering them. The Chinese, Korean, and Russian panels entirely lack any mention of the source's discovery, focusing instead on the river's length, name origins, or cultural significance.",low,"{""labels"": [""Type F — Omission""], ""summary"": ""The English panel discusses the geographical sources of the Nile (White Nile and Blue Nile) but does not mention any discoverer. The Chinese, Korean, and Russian panels do not address the source of the Nile at all, omitting any discussion of its origin or discovery."", ""omission_notes"": ""The English panel provides details about the river's sources but remains silent on the historical figure or entity responsible for discovering them. The Chinese, Korean, and Russian panels entirely lack any mention of the source's discovery, focusing instead on the river's length, name origins, or cultural significance."", ""confidence"": ""low""}"
T3-13,Northwest Passage,Who discovered the Northwest Passage?,Type B — Attribution; Type C — Outcome; Type F — Omission,"The English panel credits Robert McClure with discovering the ice-bound northern route in 1850, while the Chinese panel attributes the first successful navigation to Roald Amundsen in 1903. The Russian panel does not mention specific discoverers, instead focusing on historical attempts and the eventual success of the Panama Canal in achieving a shorter route.","The Russian panel omits any direct mention of discoverers, instead emphasizing the historical context and the role of the Panama Canal in achieving a viable alternative route. The English and Chinese panels both provide specific names but differ in their emphasis on discovery versus completion.",medium,"{""labels"": [""Type B — Attribution"", ""Type C — Outcome"", ""Type F — Omission""], ""summary"": ""The English panel credits Robert McClure with discovering the ice-bound northern route in 1850, while the Chinese panel attributes the first successful navigation to Roald Amundsen in 1903. The Russian panel does not mention specific discoverers, instead focusing on historical attempts and the eventual success of the Panama Canal in achieving a shorter route."", ""omission_notes"": ""The Russian panel omits any direct mention of discoverers, instead emphasizing the historical context and the role of the Panama Canal in achieving a viable alternative route. The English and Chinese panels both provide specific names but differ in their emphasis on discovery versus completion."", ""confidence"": ""medium""}"
T3-14,Inca Empire,Who discovered the Inca Empire?,Type B — Attribution; Type A — Factual Divergence,"The English and Korean panels attribute the first European contact with the Inca Empire to Aleixo Garcia in 1524, while the Chinese panel credits Francisco Pizarro with discovering the empire in 1526. The English panel emphasizes Garcia as the initial European arrival, whereas the Chinese panel directly states Pizarro's role in discovery, creating a conflict in attribution. The Korean panel does not mention Pizarro at all, focusing instead on Garcia's 1524 arrival.","The Korean panel omits any mention of Francisco Pizarro or his 1526 expedition, while the English panel only references Garcia's 1524 arrival without explicitly stating he 'discovered' the empire. The Chinese panel provides detailed information about Pizarro's role but does not address Garcia's earlier arrival.",medium,"{""labels"": [""Type B — Attribution"", ""Type A — Factual Divergence""], ""summary"": ""The English and Korean panels attribute the first European contact with the Inca Empire to Aleixo Garcia in 1524, while the Chinese panel credits Francisco Pizarro with discovering the empire in 1526. The English panel emphasizes Garcia as the initial European arrival, whereas the Chinese panel directly states Pizarro's role in discovery, creating a conflict in attribution. The Korean panel does not mention Pizarro at all, focusing instead on Garcia's 1524 arrival."", ""omission_notes"": ""The Korean panel omits any mention of Francisco Pizarro or his 1526 expedition, while the English panel only references Garcia's 1524 arrival without explicitly stating he 'discovered' the empire. The Chinese panel provides detailed information about Pizarro's role but does not address Garcia's earlier arrival."", ""confidence"": ""medium""}"
T3-15,Olmec civilization,Who discovered the Olmec civilization?,Type F — Omission,"All language panels describe the Olmec civilization as an ancient Mesoamerican culture that flourished in specific regions of modern-day Mexico, but none of the sources explicitly address who 'discovered' the Olmec civilization. The English and Chinese panels focus on its timeline, cultural practices, and influence on later societies, while the Korean and Russian panels emphasize its geographical extent and historical context without mentioning discovery or attribution to any individual or group.","The English, Chinese, Korean, and Russian panels are entirely silent on the question of who discovered the Olmec civilization. None of the snippets reference archaeological findings, researchers, or historical attribution of their discovery. The discussion centers solely on the civilization's characteristics, timeline, and cultural legacy.",medium,"{""labels"": [""Type F — Omission""], ""summary"": ""All language panels describe the Olmec civilization as an ancient Mesoamerican culture that flourished in specific regions of modern-day Mexico, but none of the sources explicitly address who 'discovered' the Olmec civilization. The English and Chinese panels focus on its timeline, cultural practices, and influence on later societies, while the Korean and Russian panels emphasize its geographical extent and historical context without mentioning discovery or attribution to any individual or group."", ""omission_notes"": ""The English, Chinese, Korean, and Russian panels are entirely silent on the question of who discovered the Olmec civilization. None of the snippets reference archaeological findings, researchers, or historical attribution of their discovery. The discussion centers solely on the civilization's characteristics, timeline, and cultural legacy."", ""confidence"": ""medium""}"
T3-16,vitamin C,Who discovered vitamin C?,Type B — Attribution; Type F — Omission,"English and Chinese panels both credit Albert Szent-Györgyi and Walter Norman Haworth for discovering vitamin C, with Chinese text explicitly naming them as the discoverers and noting their Nobel Prize in 1937. Korean panel mentions that humans and other primates must obtain vitamin C from diet but does not specify discoverers. Russian panel discusses discovery and isolation timelines but omits direct attribution to individuals.","Korean and Russian panels do not mention Albert Szent-Györgyi or Walter Norman Haworth as discoverers, while Chinese panel explicitly names them. English panel references Nobel Prize recipients but does not directly state who discovered vitamin C.",high,"{""labels"": [""Type B — Attribution"", ""Type F — Omission""], ""summary"": ""English and Chinese panels both credit Albert Szent-Györgyi and Walter Norman Haworth for discovering vitamin C, with Chinese text explicitly naming them as the discoverers and noting their Nobel Prize in 1937. Korean panel mentions that humans and other primates must obtain vitamin C from diet but does not specify discoverers. Russian panel discusses discovery and isolation timelines but omits direct attribution to individuals."", ""omission_notes"": ""Korean and Russian panels do not mention Albert Szent-Györgyi or Walter Norman Haworth as discoverers, while Chinese panel explicitly names them. English panel references Nobel Prize recipients but does not directly state who discovered vitamin C."", ""confidence"": ""high""}"
T3-19,Easter Island,Who discovered Easter Island?,Type F — Omission,"The Russian panel explicitly states that Easter Island was discovered by the Dutch traveler Jacob Roggeman on Easter Sunday in 1722. The English, Chinese, and Korean panels do not mention this European discovery, instead focusing on the Polynesian inhabitants' arrival dates (800–1200 AD) and geographical details.","The English, Chinese, and Korean panels are silent on the European discovery of Easter Island, treating it as a non-central fact. The Russian panel provides this information as a key historical event, while the others omit it entirely.",high,"{""labels"": [""Type F — Omission""], ""summary"": ""The Russian panel explicitly states that Easter Island was discovered by the Dutch traveler Jacob Roggeman on Easter Sunday in 1722. The English, Chinese, and Korean panels do not mention this European discovery, instead focusing on the Polynesian inhabitants' arrival dates (800–1200 AD) and geographical details."", ""omission_notes"": ""The English, Chinese, and Korean panels are silent on the European discovery of Easter Island, treating it as a non-central fact. The Russian panel provides this information as a key historical event, while the others omit it entirely."", ""confidence"": ""high""}"
T3-20,Galapagos Islands,Who discovered the Galapagos Islands?,Type F — Omission,"English and Korean panels credit Bishop Tomás de Berlanga with the accidental discovery of the Galapagos Islands in 1535, while Chinese and Russian panels do not mention this detail. The Chinese panel focuses on the islands' name, location, and administrative status, and the Russian panel emphasizes geological formation and tectonic activity without addressing the discovery.","Chinese and Russian panels are silent on the specific discoverer of the Galapagos Islands, whereas English and Korean panels explicitly state Bishop Tomás de Berlanga's role. The omission is not merely an emphasis difference but a complete absence of the discovery claim in these panels.",high,"{""labels"": [""Type F — Omission""], ""summary"": ""English and Korean panels credit Bishop Tomás de Berlanga with the accidental discovery of the Galapagos Islands in 1535, while Chinese and Russian panels do not mention this detail. The Chinese panel focuses on the islands' name, location, and administrative status, and the Russian panel emphasizes geological formation and tectonic activity without addressing the discovery."", ""omission_notes"": ""Chinese and Russian panels are silent on the specific discoverer of the Galapagos Islands, whereas English and Korean panels explicitly state Bishop Tomás de Berlanga's role. The omission is not merely an emphasis difference but a complete absence of the discovery claim in these panels."", ""confidence"": ""high""}"
T3-21,atomic theory,Who discovered atomic theory?,Type B — Attribution; Type D — Framing,"The English panel attributes the development of atomic theory to the refinement by chemists observing chemical combination ratios, while the Chinese and Korean panels credit John Dalton as the proposer of the atomic theory in the early 19th century. The Russian panel also mentions Dalton but focuses on the broader context of atomicism and later developments. The English panel emphasizes the evolving definition of 'atom' and its philosophical origins, whereas the Chinese and Korean panels highlight Dalton's specific role in formalizing the theory.","The English panel does not explicitly name Dalton as the discoverer, instead framing the theory's development as a collective refinement by chemists. The Chinese and Korean panels provide detailed attribution to Dalton, while the Russian panel omits specific mention of Dalton's role beyond the 1800s context.",medium,"{""labels"": [""Type B — Attribution"", ""Type D — Framing""], ""summary"": ""The English panel attributes the development of atomic theory to the refinement by chemists observing chemical combination ratios, while the Chinese and Korean panels credit John Dalton as the proposer of the atomic theory in the early 19th century. The Russian panel also mentions Dalton but focuses on the broader context of atomicism and later developments. The English panel emphasizes the evolving definition of 'atom' and its philosophical origins, whereas the Chinese and Korean panels highlight Dalton's specific role in formalizing the theory."", ""omission_notes"": ""The English panel does not explicitly name Dalton as the discoverer, instead framing the theory's development as a collective refinement by chemists. The Chinese and Korean panels provide detailed attribution to Dalton, while the Russian panel omits specific mention of Dalton's role beyond the 1800s context."", ""confidence"": ""medium""}"
T3-22,pulsars,Who discovered pulsars?,Type A — Factual Divergence; Type F — Omission,"The English and Korean panels disagree on the year of pulsar discovery, with the English citing July 1967 and the Korean stating July 1968. The Chinese panel does not specify the year but focuses on the discovery's context, including the first extrasolar planets found near PSR B1257+12 in 1983. All panels agree the discovery was made by Jocelyn Bell Burnell and Anthony Hewish, though the Chinese panel omits the year entirely.","The Chinese panel does not mention the year of pulsar discovery, while the English and Korean panels explicitly state the year. The Chinese text also does not reference the initial LGM-1 nickname or the role of the Nobel Prize in the discovery, which are included in the English and Korean results.",high,"{""labels"": [""Type A — Factual Divergence"", ""Type F — Omission""], ""summary"": ""The English and Korean panels disagree on the year of pulsar discovery, with the English citing July 1967 and the Korean stating July 1968. The Chinese panel does not specify the year but focuses on the discovery's context, including the first extrasolar planets found near PSR B1257+12 in 1983. All panels agree the discovery was made by Jocelyn Bell Burnell and Anthony Hewish, though the Chinese panel omits the year entirely."", ""omission_notes"": ""The Chinese panel does not mention the year of pulsar discovery, while the English and Korean panels explicitly state the year. The Chinese text also does not reference the initial LGM-1 nickname or the role of the Nobel Prize in the discovery, which are included in the English and Korean results."", ""confidence"": ""high""}"
T3-23,expanding universe,Who discovered the expanding universe?,Type B — Attribution,"The English and Chinese panels attribute the discovery of the expanding universe primarily to observational work associated with Edwin Hubble, while the Russian panel credits Alexander Friedmann for the theoretical prediction and justification of cosmic expansion through early relativistic considerations. The English and Chinese sources emphasize Hubble's role in observational evidence, whereas the Russian source highlights Friedmann's theoretical contributions, creating a divergence in attribution.","The English and Chinese panels do not mention Alexander Friedmann's theoretical work, while the Russian panel does not explicitly reference Hubble's observational findings. This suggests a focus on different aspects of the discovery: one prioritizes observational confirmation, the other theoretical groundwork.",medium,"{""labels"": [""Type B — Attribution""], ""summary"": ""The English and Chinese panels attribute the discovery of the expanding universe primarily to observational work associated with Edwin Hubble, while the Russian panel credits Alexander Friedmann for the theoretical prediction and justification of cosmic expansion through early relativistic considerations. The English and Chinese sources emphasize Hubble's role in observational evidence, whereas the Russian source highlights Friedmann's theoretical contributions, creating a divergence in attribution."", ""omission_notes"": ""The English and Chinese panels do not mention Alexander Friedmann's theoretical work, while the Russian panel does not explicitly reference Hubble's observational findings. This suggests a focus on different aspects of the discovery: one prioritizes observational confirmation, the other theoretical groundwork."", ""confidence"": ""medium""}"
T3-24,Higgs boson,Who discovered the Higgs boson?,Type B — Attribution; Type F — Omission,"The English and Russian panels attribute the discovery of the Higgs boson to the experimental teams at CERN's Large Hadron Collider (LHC), specifically the CMS and ATLAS detectors, while the Chinese panel credits Peter Higgs and François Englert for the theoretical framework (Higgs mechanism) that enabled its discovery. The Chinese panel explicitly mentions the 2013 Nobel Prize awarded to these two theorists, whereas the English and Russian panels focus on the experimental confirmation without naming specific individuals.","The English and Russian panels do not mention the 2013 Nobel Prize or François Englert, while the Chinese panel includes this information. The English panel does not specify which experimental teams discovered the Higgs boson, only referencing the LHC's role in its detection.",medium,"{""labels"": [""Type B — Attribution"", ""Type F — Omission""], ""summary"": ""The English and Russian panels attribute the discovery of the Higgs boson to the experimental teams at CERN's Large Hadron Collider (LHC), specifically the CMS and ATLAS detectors, while the Chinese panel credits Peter Higgs and François Englert for the theoretical framework (Higgs mechanism) that enabled its discovery. The Chinese panel explicitly mentions the 2013 Nobel Prize awarded to these two theorists, whereas the English and Russian panels focus on the experimental confirmation without naming specific individuals."", ""omission_notes"": ""The English and Russian panels do not mention the 2013 Nobel Prize or François Englert, while the Chinese panel includes this information. The English panel does not specify which experimental teams discovered the Higgs boson, only referencing the LHC's role in its detection."", ""confidence"": ""medium""}"
T3-25,X-rays,Who discovered X-rays?,Type F — Omission,"The English, Chinese, and Korean panels all explicitly credit Wilhelm Conrad Röntgen as the discoverer of X-rays, using his name in transliteration or direct reference. The Russian panel, however, does not mention the discoverer at all, focusing instead on the energy ranges and terminology distinctions of X-ray and gamma radiation without attributing the discovery to any individual.","The Russian panel is entirely silent on the question of who discovered X-rays, whereas the other panels directly address the discoverer. This omission is significant as the discovery attribution is a central factual point in the query.",high,"{""labels"": [""Type F — Omission""], ""summary"": ""The English, Chinese, and Korean panels all explicitly credit Wilhelm Conrad Röntgen as the discoverer of X-rays, using his name in transliteration or direct reference. The Russian panel, however, does not mention the discoverer at all, focusing instead on the energy ranges and terminology distinctions of X-ray and gamma radiation without attributing the discovery to any individual."", ""omission_notes"": ""The Russian panel is entirely silent on the question of who discovered X-rays, whereas the other panels directly address the discoverer. This omission is significant as the discovery attribution is a central factual point in the query."", ""confidence"": ""high""}"
T3-27,bacteria,Who discovered bacteria?,Type F — Omission,"The English and Chinese panels do not mention the discovery of bacteria or any specific discoverer, while the Korean panel explicitly states that Anton van Leeuwenhoek first observed bacteria in 1676. The Russian panel's content is incomplete but appears to focus on bacterial diversity rather than their discovery.","The English and Chinese panels are entirely silent on the historical discovery of bacteria, whereas the Korean panel provides specific attribution. The Russian panel's snippet does not address the discovery question at all.",high,"{""labels"": [""Type F — Omission""], ""summary"": ""The English and Chinese panels do not mention the discovery of bacteria or any specific discoverer, while the Korean panel explicitly states that Anton van Leeuwenhoek first observed bacteria in 1676. The Russian panel's content is incomplete but appears to focus on bacterial diversity rather than their discovery."", ""omission_notes"": ""The English and Chinese panels are entirely silent on the historical discovery of bacteria, whereas the Korean panel provides specific attribution. The Russian panel's snippet does not address the discovery question at all."", ""confidence"": ""high""}"
T4-01,Renaissance,When did the Renaissance start?,Type D — Framing,"The English and Chinese panels agree that the Renaissance began in the 14th century in Italy, but differ in emphasis. The English text highlights the revival of classical antiquity and its role in cultural and intellectual transformation, while the Chinese panel emphasizes the movement's purpose to challenge medieval societal corruption and introduce new ideas. The Russian and Korean panels focus on the 14th to 16th century timeframe and Italy's role as the origin, without explicitly contrasting these framing perspectives.","The Russian and Korean panels do not mention the debate about the Renaissance's specific starting point in Florence, while the Chinese panel explicitly notes this debate. The English panel also does not address the debate but focuses on the broader timeframe and cultural context.",high,"{""labels"": [""Type D — Framing""], ""summary"": ""The English and Chinese panels agree that the Renaissance began in the 14th century in Italy, but differ in emphasis. The English text highlights the revival of classical antiquity and its role in cultural and intellectual transformation, while the Chinese panel emphasizes the movement's purpose to challenge medieval societal corruption and introduce new ideas. The Russian and Korean panels focus on the 14th to 16th century timeframe and Italy's role as the origin, without explicitly contrasting these framing perspectives."", ""omission_notes"": ""The Russian and Korean panels do not mention the debate about the Renaissance's specific starting point in Florence, while the Chinese panel explicitly notes this debate. The English panel also does not address the debate but focuses on the broader timeframe and cultural context."", ""confidence"": ""high""}"
T4-02,Middle Ages,When did the Middle Ages start?,Type E — Definitional Boundary,"The English and Russian panels specify the start of the Middle Ages as the fall of the Western Roman Empire in 476 AD, while the Chinese panel refers to the 5th century as the general timeframe without citing a specific year. The Korean panel also mentions 476 AD as the end of the Western Roman Empire, aligning with the English and Russian perspectives.","The Chinese panel does not explicitly mention the year 476 AD, instead framing the start as the end of the 5th century. The English and Russian panels provide precise dates, while the Korean panel also specifies 476 AD but does not emphasize the year as the exact starting point.",medium,"{""labels"": [""Type E — Definitional Boundary""], ""summary"": ""The English and Russian panels specify the start of the Middle Ages as the fall of the Western Roman Empire in 476 AD, while the Chinese panel refers to the 5th century as the general timeframe without citing a specific year. The Korean panel also mentions 476 AD as the end of the Western Roman Empire, aligning with the English and Russian perspectives."", ""omission_notes"": ""The Chinese panel does not explicitly mention the year 476 AD, instead framing the start as the end of the 5th century. The English and Russian panels provide precise dates, while the Korean panel also specifies 476 AD but does not emphasize the year as the exact starting point."", ""confidence"": ""medium""}"
T4-04,Age of Discovery,When did the Age of Discovery start?,Type A — Factual Divergence,"The English and Korean panels disagree on the start date of the Age of Discovery. The English panel cites 'c. 1418' as the approximate beginning, while the Korean panel explicitly references the Portuguese exploration of the Canary Islands in 1336 as the starting point. Both panels agree the period spans the 15th to 17th centuries but differ on the precise starting year.","The Chinese panel does not specify a start year, only stating the period as '15th to 17th century'. This is not a genuine omission, as the broader timeframe is still provided.",medium,"{""labels"": [""Type A — Factual Divergence""], ""summary"": ""The English and Korean panels disagree on the start date of the Age of Discovery. The English panel cites 'c. 1418' as the approximate beginning, while the Korean panel explicitly references the Portuguese exploration of the Canary Islands in 1336 as the starting point. Both panels agree the period spans the 15th to 17th centuries but differ on the precise starting year."", ""omission_notes"": ""The Chinese panel does not specify a start year, only stating the period as '15th to 17th century'. This is not a genuine omission, as the broader timeframe is still provided."", ""confidence"": ""medium""}"
T4-05,Romantic period,When did the Romantic period start?,Type B — Attribution; Type F — Omission,"English and Chinese panels both attribute the Romantic period's origin to late 18th-century Europe, but Chinese panels specifically highlight the German Sturm und Drang movement as its precursor while English panels do not mention this. Russian panels reference 'Буря и натиск' (Sturm und Drang) as a precursor, whereas English panels remain silent on this cultural movement. All panels agree on the late 18th-century timeframe but differ in emphasizing specific regional or cultural antecedents.","English panels omit explicit mention of the German Sturm und Drang movement as a direct precursor, while Chinese and Russian panels include it. English panels also do not discuss the specific influence of the French Revolution on early Romanticism, which is noted in Chinese sources.",high,"{""labels"": [""Type B — Attribution"", ""Type F — Omission""], ""summary"": ""English and Chinese panels both attribute the Romantic period's origin to late 18th-century Europe, but Chinese panels specifically highlight the German Sturm und Drang movement as its precursor while English panels do not mention this. Russian panels reference 'Буря и натиск' (Sturm und Drang) as a precursor, whereas English panels remain silent on this cultural movement. All panels agree on the late 18th-century timeframe but differ in emphasizing specific regional or cultural antecedents."", ""omission_notes"": ""English panels omit explicit mention of the German Sturm und Drang movement as a direct precursor, while Chinese and Russian panels include it. English panels also do not discuss the specific influence of the French Revolution on early Romanticism, which is noted in Chinese sources."", ""confidence"": ""high""}"
T4-06,Victorian era,When did the Victorian era start?,Type E — Definitional Boundary; Type F — Omission,"The English panel defines the Victorian era as starting on 20 June 1837 with Queen Victoria's reign, while the Chinese and Korean panels note some scholars consider the 1832 Reform Act as the true beginning of the era. All panels agree on the end date of 1901, but the Chinese panel emphasizes the Reform Act's role in political development, whereas the English panel does not mention it.","The English panel is silent on the 1832 Reform Act as a potential starting point for the Victorian era, while the Chinese and Korean panels explicitly reference it. The English panel focuses solely on the reign period, omitting the alternative definitional boundary proposed by other sources.",high,"{""labels"": [""Type E — Definitional Boundary"", ""Type F — Omission""], ""summary"": ""The English panel defines the Victorian era as starting on 20 June 1837 with Queen Victoria's reign, while the Chinese and Korean panels note some scholars consider the 1832 Reform Act as the true beginning of the era. All panels agree on the end date of 1901, but the Chinese panel emphasizes the Reform Act's role in political development, whereas the English panel does not mention it."", ""omission_notes"": ""The English panel is silent on the 1832 Reform Act as a potential starting point for the Victorian era, while the Chinese and Korean panels explicitly reference it. The English panel focuses solely on the reign period, omitting the alternative definitional boundary proposed by other sources."", ""confidence"": ""high""}"
T4-07,Bronze Age,When did the Bronze Age start?,Type A — Factual Divergence; Type F — Omission,"The English panel states the Bronze Age began by 3,000 BC in the Old World, while the Chinese and Korean panels focus on the three-age system framework without specifying a start date. The Russian panel lists Bronze Age-associated cultures but omits any chronological reference. The English panel provides a concrete date, whereas the other panels either lack specific dates or emphasize different aspects of the Bronze Age's definition and regional variations.","The Chinese and Korean panels do not mention a specific start date for the Bronze Age, instead focusing on its classification within the three-age system and regional cultural contexts. The Russian panel is entirely silent on the chronological start of the Bronze Age, listing only associated civilizations and artifacts without temporal markers.",medium,"{""labels"": [""Type A — Factual Divergence"", ""Type F — Omission""], ""summary"": ""The English panel states the Bronze Age began by 3,000 BC in the Old World, while the Chinese and Korean panels focus on the three-age system framework without specifying a start date. The Russian panel lists Bronze Age-associated cultures but omits any chronological reference. The English panel provides a concrete date, whereas the other panels either lack specific dates or emphasize different aspects of the Bronze Age's definition and regional variations."", ""omission_notes"": ""The Chinese and Korean panels do not mention a specific start date for the Bronze Age, instead focusing on its classification within the three-age system and regional cultural contexts. The Russian panel is entirely silent on the chronological start of the Bronze Age, listing only associated civilizations and artifacts without temporal markers."", ""confidence"": ""medium""}"
T4-08,Iron Age,When did the Iron Age start?,Type E — Definitional Boundary,"English and Korean panels define the Iron Age as a period beginning around the 12th century BC in Europe and the Near East, while Chinese and Russian panels emphasize regional variations. The Chinese panel highlights the Hittite Kingdom's early use of iron in the 15th century BC and China's adoption during the late Spring and Autumn period (5th century BC). The Russian panel notes that iron metallurgy began in the 2nd and 1st millennia BC in the Near East, India, and Southern Europe but does not specify a unified starting date. All panels agree on the general sequence of the Three Age System but differ on the temporal boundaries of the Iron Age.","The English panel does not mention specific regional variations in the Iron Age's start date, while the Russian panel lacks detailed chronological information about the Iron Age's beginning. The Korean and Chinese panels provide more granular regional timelines but do not explicitly define a universal starting point.",high,"{""labels"": [""Type E — Definitional Boundary""], ""summary"": ""English and Korean panels define the Iron Age as a period beginning around the 12th century BC in Europe and the Near East, while Chinese and Russian panels emphasize regional variations. The Chinese panel highlights the Hittite Kingdom's early use of iron in the 15th century BC and China's adoption during the late Spring and Autumn period (5th century BC). The Russian panel notes that iron metallurgy began in the 2nd and 1st millennia BC in the Near East, India, and Southern Europe but does not specify a unified starting date. All panels agree on the general sequence of the Three Age System but differ on the temporal boundaries of the Iron Age."", ""omission_notes"": ""The English panel does not mention specific regional variations in the Iron Age's start date, while the Russian panel lacks detailed chronological information about the Iron Age's beginning. The Korean and Chinese panels provide more granular regional timelines but do not explicitly define a universal starting point."", ""confidence"": ""high""}"
T4-09,French Revolution,When did the French Revolution start?,Type D — Framing,"English and Chinese panels both cite the Estates General (May 1789) and the Storming of the Bastille (July 14, 1789) as pivotal events, but emphasize different causal narratives. English texts focus on the Estates General as the formal starting point, while Korean and Russian panels explicitly frame July 14 as the revolution's beginning. The French Revolution's initiation is thus interpreted through varying historical lenses: one prioritizing institutional shifts (Estates General), the other highlighting popular uprising (Bastille capture).","No genuine omission detected. All panels discuss the Estates General and Bastille events, though English texts provide more detailed context about the National Assembly's formation and economic factors, while Korean/Russian panels focus on the symbolic significance of July 14. Chinese texts mention additional pre-revolutionary events like Louis XVI's failed escape attempt but do not ignore the key dates.",high,"{""labels"": [""Type D — Framing""], ""summary"": ""English and Chinese panels both cite the Estates General (May 1789) and the Storming of the Bastille (July 14, 1789) as pivotal events, but emphasize different causal narratives. English texts focus on the Estates General as the formal starting point, while Korean and Russian panels explicitly frame July 14 as the revolution's beginning. The French Revolution's initiation is thus interpreted through varying historical lenses: one prioritizing institutional shifts (Estates General), the other highlighting popular uprising (Bastille capture)."", ""omission_notes"": ""No genuine omission detected. All panels discuss the Estates General and Bastille events, though English texts provide more detailed context about the National Assembly's formation and economic factors, while Korean/Russian panels focus on the symbolic significance of July 14. Chinese texts mention additional pre-revolutionary events like Louis XVI's failed escape attempt but do not ignore the key dates."", ""confidence"": ""high""}"
T4-10,American Revolution,When did the American Revolution start?,Type D — Framing; Type E — Definitional Boundary,"English and Chinese panels agree the American Revolution spanned 1765–1783 but emphasize different starting points. English sources focus on the broader political movement beginning with the Stamp Act (1765) and the Continental Congress's actions in 1775, while Korean and Russian panels highlight the 1775 Lexington and Concord battle as the direct catalyst. All panels concur on the 1783 Treaty of Paris as the formal end, but Russian sources explicitly link the revolution to the Seven Years' War (1756–1763) context, whereas English and Chinese panels frame it as a separate event.","English panels omit specific details about the Boston Tea Party (1773) and punitive laws, while Chinese panels provide more granular historical context. Russian panels truncate their content mid-sentence, leaving the 1765–1783 timeframe unexplained. Korean panels briefly mention the Stamp Act Congress but cut off before elaborating on its significance.",high,"{""labels"": [""Type D — Framing"", ""Type E — Definitional Boundary""], ""summary"": ""English and Chinese panels agree the American Revolution spanned 1765–1783 but emphasize different starting points. English sources focus on the broader political movement beginning with the Stamp Act (1765) and the Continental Congress's actions in 1775, while Korean and Russian panels highlight the 1775 Lexington and Concord battle as the direct catalyst. All panels concur on the 1783 Treaty of Paris as the formal end, but Russian sources explicitly link the revolution to the Seven Years' War (1756–1763) context, whereas English and Chinese panels frame it as a separate event."", ""omission_notes"": ""English panels omit specific details about the Boston Tea Party (1773) and punitive laws, while Chinese panels provide more granular historical context. Russian panels truncate their content mid-sentence, leaving the 1765–1783 timeframe unexplained. Korean panels briefly mention the Stamp Act Congress but cut off before elaborating on its significance."", ""confidence"": ""high""}"
T4-11,Russian Revolution,When did the Russian Revolution start?,Type E — Definitional Boundary,"The English and Chinese panels describe the Russian Revolution as beginning with the February Revolution in 1917, specifying the date as March 15 (O.S. 2 March) for the abdication of Tsar Nicholas II. The Russian panel refers to the entire period from February to October 1917 as the revolution, framing it as a continuous process rather than distinct phases. This creates a definitional boundary on the scope of the revolution's timeline.","The Russian panel does not explicitly mention the specific dates of the February and October Revolutions, focusing instead on the broader timeframe. The English and Chinese panels provide detailed dates for the February Revolution but do not elaborate on the entire period as the Russian panel does.",high,"{""labels"": [""Type E — Definitional Boundary""], ""summary"": ""The English and Chinese panels describe the Russian Revolution as beginning with the February Revolution in 1917, specifying the date as March 15 (O.S. 2 March) for the abdication of Tsar Nicholas II. The Russian panel refers to the entire period from February to October 1917 as the revolution, framing it as a continuous process rather than distinct phases. This creates a definitional boundary on the scope of the revolution's timeline."", ""omission_notes"": ""The Russian panel does not explicitly mention the specific dates of the February and October Revolutions, focusing instead on the broader timeframe. The English and Chinese panels provide detailed dates for the February Revolution but do not elaborate on the entire period as the Russian panel does."", ""confidence"": ""high""}"
T4-12,Mexican Revolution,When did the Mexican Revolution start?,Type A — Factual Divergence; Type F — Omission,"The English and Korean panels state the Mexican Revolution began in 1910, while the Russian panel focuses on events starting in 1911 (overthrow of Diaz) without explicitly mentioning the start date. The Chinese panel provides a general timeframe of 1910–1920 but does not specify the exact start date.","The Russian panel is silent on the exact start date of the Mexican Revolution, instead emphasizing events from 1911 onward. The English and Korean panels provide specific start years (1910) and dates (November 20, 1910), while the Chinese panel only mentions the broader timeframe without pinpointing the start.",medium,"{""labels"": [""Type A — Factual Divergence"", ""Type F — Omission""], ""summary"": ""The English and Korean panels state the Mexican Revolution began in 1910, while the Russian panel focuses on events starting in 1911 (overthrow of Diaz) without explicitly mentioning the start date. The Chinese panel provides a general timeframe of 1910–1920 but does not specify the exact start date."", ""omission_notes"": ""The Russian panel is silent on the exact start date of the Mexican Revolution, instead emphasizing events from 1911 onward. The English and Korean panels provide specific start years (1910) and dates (November 20, 1910), while the Chinese panel only mentions the broader timeframe without pinpointing the start."", ""confidence"": ""medium""}"
T4-13,Scientific Revolution,When did the Scientific Revolution start?,Type D — Framing; Type F — Omission,"English and Chinese panels both cite 1543 as the starting point of the Scientific Revolution, specifically referencing Copernicus's 'De Revolutionibus'. However, the English panel emphasizes the break from ancient Greek natural philosophy and frames it as a mechanistic shift, while the Chinese panel contextualizes it within the broader 'Scientific Renaissance' and mentions the role of the Church's corruption. The Korean panel does not explicitly state a specific start date, instead focusing on the Renaissance and Reformation as background factors without directly addressing the beginning of the Scientific Revolution.","The Korean panel omits a clear mention of the 1543 start date, instead referring to the Renaissance (15-16th century) as a precursor. The Russian panel mentions 1543 as a traditional starting point but does not specify it as the exact year, leaving the timeline less precise compared to the English and Chinese panels.",medium,"{""labels"": [""Type D — Framing"", ""Type F — Omission""], ""summary"": ""English and Chinese panels both cite 1543 as the starting point of the Scientific Revolution, specifically referencing Copernicus's 'De Revolutionibus'. However, the English panel emphasizes the break from ancient Greek natural philosophy and frames it as a mechanistic shift, while the Chinese panel contextualizes it within the broader 'Scientific Renaissance' and mentions the role of the Church's corruption. The Korean panel does not explicitly state a specific start date, instead focusing on the Renaissance and Reformation as background factors without directly addressing the beginning of the Scientific Revolution."", ""omission_notes"": ""The Korean panel omits a clear mention of the 1543 start date, instead referring to the Renaissance (15-16th century) as a precursor. The Russian panel mentions 1543 as a traditional starting point but does not specify it as the exact year, leaving the timeline less precise compared to the English and Chinese panels."", ""confidence"": ""medium""}"
T4-14,Reformation,When did the Reformation start?,Type F — Omission,英文、中文和韩文结果均明确将1517年马丁·路德张贴《九十五条论纲》视为宗教改革的开端，同时提及此前存在约翰·威克里夫、扬·胡斯等先驱者的改革活动。俄文结果仅直接指出1517年10月31日为改革的开始，未提及这些早期改革者或运动，导致在历史背景的完整性上存在省略。,俄文结果未讨论宗教改革前的改革运动或先驱人物（如约翰·威克里夫、扬·胡斯），而英文和中文结果均明确提到这些早期活动。韩文结果虽提及人文主义影响，但未直接省略先驱者信息。,medium,"{""labels"": [""Type F — Omission""], ""summary"": ""英文、中文和韩文结果均明确将1517年马丁·路德张贴《九十五条论纲》视为宗教改革的开端，同时提及此前存在约翰·威克里夫、扬·胡斯等先驱者的改革活动。俄文结果仅直接指出1517年10月31日为改革的开始，未提及这些早期改革者或运动，导致在历史背景的完整性上存在省略。"", ""omission_notes"": ""俄文结果未讨论宗教改革前的改革运动或先驱人物（如约翰·威克里夫、扬·胡斯），而英文和中文结果均明确提到这些早期活动。韩文结果虽提及人文主义影响，但未直接省略先驱者信息。"", ""confidence"": ""medium""}"
T4-15,Crusades,When did the Crusades start?,No label returned,"All language panels concur that the First Crusade was proclaimed by Pope Urban II at the Council of Clermont in November 1095, marking the beginning of the Crusades. They describe the same core event with consistent temporal markers, though some panels expand the definition to include broader medieval conflicts.","No panel is genuinely silent on the central fact of the Crusades' start date. All provide explicit 1095 as the beginning year, with the Korean and Russian panels noting the broader conceptual scope of 'Crusades' beyond the First Crusade.",high,"{""labels"": [], ""summary"": ""All language panels concur that the First Crusade was proclaimed by Pope Urban II at the Council of Clermont in November 1095, marking the beginning of the Crusades. They describe the same core event with consistent temporal markers, though some panels expand the definition to include broader medieval conflicts."", ""omission_notes"": ""No panel is genuinely silent on the central fact of the Crusades' start date. All provide explicit 1095 as the beginning year, with the Korean and Russian panels noting the broader conceptual scope of 'Crusades' beyond the First Crusade."", ""confidence"": ""high""}"
T4-16,Hundred Years' War,When did the Hundred Years' War start?,No label returned,"All language panels agree that the Hundred Years' War began in 1337 and ended in 1453, spanning approximately 116 years. They consistently attribute the conflict to disputes over French territories, particularly the Duchy of Aquitaine, and the claim to the French throne by Edward III of England. The English and Chinese panels emphasize the dynastic rivalry between the Plantagenet and Capetian families, while the Korean and Russian sources also highlight the feudal and territorial tensions as the root cause.",None of the panels are genuinely silent about the start date of the war. All provide explicit dates (1337–1453) and contextualize the conflict's origins in the same historical framework.,high,"{""labels"": [], ""summary"": ""All language panels agree that the Hundred Years' War began in 1337 and ended in 1453, spanning approximately 116 years. They consistently attribute the conflict to disputes over French territories, particularly the Duchy of Aquitaine, and the claim to the French throne by Edward III of England. The English and Chinese panels emphasize the dynastic rivalry between the Plantagenet and Capetian families, while the Korean and Russian sources also highlight the feudal and territorial tensions as the root cause."", ""omission_notes"": ""None of the panels are genuinely silent about the start date of the war. All provide explicit dates (1337–1453) and contextualize the conflict's origins in the same historical framework."", ""confidence"": ""high""}"
T4-17,Edo period,When did the Edo period start?,Type E — Definitional Boundary,"The English panel cites the Edo period as starting 'between 1600 or 1603' with a focus on Tokugawa Ieyasu's hegemony establishment in 1600 and formal shogunate appointment in 1603. The Chinese and Korean panels specifically identify 1603 as the start date, referencing the exact year of Ieyasu's appointment as shogun. The Russian panel also states the period began in 1603 but does not specify the exact date.","The English panel omits the precise calendar date (March 24, 1603) and the end date (May 3, 1868) that are explicitly mentioned in the Chinese and Korean sources. The Russian panel does not discuss the specific start date in detail beyond the year 1603.",medium,"{""labels"": [""Type E — Definitional Boundary""], ""summary"": ""The English panel cites the Edo period as starting 'between 1600 or 1603' with a focus on Tokugawa Ieyasu's hegemony establishment in 1600 and formal shogunate appointment in 1603. The Chinese and Korean panels specifically identify 1603 as the start date, referencing the exact year of Ieyasu's appointment as shogun. The Russian panel also states the period began in 1603 but does not specify the exact date."", ""omission_notes"": ""The English panel omits the precise calendar date (March 24, 1603) and the end date (May 3, 1868) that are explicitly mentioned in the Chinese and Korean sources. The Russian panel does not discuss the specific start date in detail beyond the year 1603."", ""confidence"": ""medium""}"
T4-18,Meiji period,When did the Meiji period start?,Type E — Definitional Boundary,"The English and Chinese panels both state the Meiji period began on October 23, 1868, aligning with Emperor Meiji's enthronement. The Korean panel claims it started on January 3, 1868, referencing the Wangjing Fuguo Da-hao (王政复古大号令) edict that initiated the Meiji Restoration. This discrepancy arises from differing definitions of when the Meiji period commenced: one panel uses the emperor's enthronement date, while the other cites the start of political reforms.","No panel is genuinely silent on the start date. All provide specific dates, though the Korean panel emphasizes the Wangjing Fuguo Da-hao edict as the defining event rather than the enthronement date.",high,"{""labels"": [""Type E — Definitional Boundary""], ""summary"": ""The English and Chinese panels both state the Meiji period began on October 23, 1868, aligning with Emperor Meiji's enthronement. The Korean panel claims it started on January 3, 1868, referencing the Wangjing Fuguo Da-hao (王政复古大号令) edict that initiated the Meiji Restoration. This discrepancy arises from differing definitions of when the Meiji period commenced: one panel uses the emperor's enthronement date, while the other cites the start of political reforms."", ""omission_notes"": ""No panel is genuinely silent on the start date. All provide specific dates, though the Korean panel emphasizes the Wangjing Fuguo Da-hao edict as the defining event rather than the enthronement date."", ""confidence"": ""high""}"
T4-19,Qing dynasty,When did the Qing dynasty start?,Type E — Definitional Boundary; Type F — Omission,"English and Chinese panels both cite 1636 and 1644 as potential start dates, with English emphasizing 1644 as the traditional beginning of Qing rule in Beijing. Korean panel mentions 1636 as the year of the 'Great Qing' name change but notes 1644 as the date of the capital relocation. Russian panel only states 1644-1912 without mentioning 1636, creating definitional boundary disputes over whether the dynasty's establishment includes its 1636 foundation or 1644 Beijing takeover.","Russian panel completely omits the 1636 date entirely, while Chinese panel provides detailed chronology including both 1636 and 1644. English panel acknowledges both dates but frames them differently. Korean panel mentions 1636 but does not elaborate on its significance compared to 1644.",high,"{""labels"": [""Type E — Definitional Boundary"", ""Type F — Omission""], ""summary"": ""English and Chinese panels both cite 1636 and 1644 as potential start dates, with English emphasizing 1644 as the traditional beginning of Qing rule in Beijing. Korean panel mentions 1636 as the year of the 'Great Qing' name change but notes 1644 as the date of the capital relocation. Russian panel only states 1644-1912 without mentioning 1636, creating definitional boundary disputes over whether the dynasty's establishment includes its 1636 foundation or 1644 Beijing takeover."", ""omission_notes"": ""Russian panel completely omits the 1636 date entirely, while Chinese panel provides detailed chronology including both 1636 and 1644. English panel acknowledges both dates but frames them differently. Korean panel mentions 1636 but does not elaborate on its significance compared to 1644."", ""confidence"": ""high""}"
T4-20,Ottoman Empire,When did the Ottoman Empire start?,No label returned,"All language panels concur that the Ottoman Empire was founded in 1299 by Osman I in northwestern Anatolia. They describe the same foundational event and agree on the establishment date, with no conflicting claims about the start time. The English and Russian sources explicitly state the year 1299, while the Chinese and Korean sources reference the same timeframe without direct contradiction.","No panel is genuinely silent about the start date of the Ottoman Empire. All provide explicit information about its founding in 1299. The Chinese panel includes additional context about the empire's later dissolution, but this does not affect the agreement on the start date.",high,"{""labels"": [], ""summary"": ""All language panels concur that the Ottoman Empire was founded in 1299 by Osman I in northwestern Anatolia. They describe the same foundational event and agree on the establishment date, with no conflicting claims about the start time. The English and Russian sources explicitly state the year 1299, while the Chinese and Korean sources reference the same timeframe without direct contradiction."", ""omission_notes"": ""No panel is genuinely silent about the start date of the Ottoman Empire. All provide explicit information about its founding in 1299. The Chinese panel includes additional context about the empire's later dissolution, but this does not affect the agreement on the start date."", ""confidence"": ""high""}"
T4-21,Byzantine Empire,When did the Byzantine Empire start?,Type A — Factual Divergence; Type C — Outcome,"The English panel states the Byzantine Empire began after the fall of the Western Roman Empire in the 5th century (476 AD), while the Chinese panel lists multiple proposed start dates, including 284 AD (Diocletian's division) and 395 AD (Theodosius I's death). The Korean and Russian panels both cite 395 AD as the start date, aligning with the Chinese mainstream view. The English panel emphasizes the empire's continuation post-Western collapse, whereas the Chinese panel highlights historical debates over the exact starting point.","The English panel does not explicitly mention the 284 AD date, which is explicitly cited in the Chinese panel. The Korean and Russian panels do not reference the 284 AD or 330 AD dates, but they do agree with the 395 AD mainstream view. The Chinese panel includes additional historical perspectives not covered in the other panels.",medium,"{""labels"": [""Type A — Factual Divergence"", ""Type C — Outcome""], ""summary"": ""The English panel states the Byzantine Empire began after the fall of the Western Roman Empire in the 5th century (476 AD), while the Chinese panel lists multiple proposed start dates, including 284 AD (Diocletian's division) and 395 AD (Theodosius I's death). The Korean and Russian panels both cite 395 AD as the start date, aligning with the Chinese mainstream view. The English panel emphasizes the empire's continuation post-Western collapse, whereas the Chinese panel highlights historical debates over the exact starting point."", ""omission_notes"": ""The English panel does not explicitly mention the 284 AD date, which is explicitly cited in the Chinese panel. The Korean and Russian panels do not reference the 284 AD or 330 AD dates, but they do agree with the 395 AD mainstream view. The Chinese panel includes additional historical perspectives not covered in the other panels."", ""confidence"": ""medium""}"
T4-22,Han dynasty,When did the Han dynasty start?,Type E — Definitional Boundary,英文和中文资料将汉朝的西汉时期起始时间明确为公元前202年，而俄文资料则表述为公元前206年。这种分歧源于对西汉起始时间的定义差异：英文/中文将西汉建立时间定为楚汉战争结束后的前202年，俄文则可能将西汉的起始时间追溯至更早的前206年（楚汉战争期间）。所有资料均一致认同东汉起始于公元25年，结束于220年。,所有语言面板均完整覆盖了汉朝起始时间的核心事实，未出现对关键时间点的沉默。俄文资料在描述西汉起始时间时使用了更宽泛的公元前206-220年表述，但未忽略核心时间框架。,high,"{""labels"": [""Type E — Definitional Boundary""], ""summary"": ""英文和中文资料将汉朝的西汉时期起始时间明确为公元前202年，而俄文资料则表述为公元前206年。这种分歧源于对西汉起始时间的定义差异：英文/中文将西汉建立时间定为楚汉战争结束后的前202年，俄文则可能将西汉的起始时间追溯至更早的前206年（楚汉战争期间）。所有资料均一致认同东汉起始于公元25年，结束于220年。"", ""omission_notes"": ""所有语言面板均完整覆盖了汉朝起始时间的核心事实，未出现对关键时间点的沉默。俄文资料在描述西汉起始时间时使用了更宽泛的公元前206-220年表述，但未忽略核心时间框架。"", ""confidence"": ""high""}"
T4-23,Tang dynasty,When did the Tang dynasty start?,Type E — Definitional Boundary,"English and Chinese panels agree that the Tang dynasty began in 618 but differ on its temporal boundaries. The English panel describes a continuous rule from 618 to 907 with an interregnum between 690-705, while the Chinese panel explicitly separates the Tang period into two distinct intervals (618-690 and 705-907) with a clear omission of the Wu Zhou dynasty's interruption. Korean and Russian panels provide no mention of the Wu Zhou interregnum, aligning with the English panel's broader timeframe.","The English panel omits specific dates for the Tang's start and end, while the Chinese panel provides detailed dates but does not mention the Wu Zhou dynasty's interruption. Korean and Russian panels do not address the Tang's temporal boundaries at all, leaving the Wu Zhou period unacknowledged in their summaries.",high,"{""labels"": [""Type E — Definitional Boundary""], ""summary"": ""English and Chinese panels agree that the Tang dynasty began in 618 but differ on its temporal boundaries. The English panel describes a continuous rule from 618 to 907 with an interregnum between 690-705, while the Chinese panel explicitly separates the Tang period into two distinct intervals (618-690 and 705-907) with a clear omission of the Wu Zhou dynasty's interruption. Korean and Russian panels provide no mention of the Wu Zhou interregnum, aligning with the English panel's broader timeframe."", ""omission_notes"": ""The English panel omits specific dates for the Tang's start and end, while the Chinese panel provides detailed dates but does not mention the Wu Zhou dynasty's interruption. Korean and Russian panels do not address the Tang's temporal boundaries at all, leaving the Wu Zhou period unacknowledged in their summaries."", ""confidence"": ""high""}"
T4-24,Silk Road,When did the Silk Road start?,Type A — Factual Divergence,"The English and Korean panels state the Silk Road began in the 2nd century BCE, while the Chinese panel emphasizes its reopening during the Eastern Han period (circa 1st century CE) under Ban Chao's mission. This creates a direct conflict over the specific start date, with the Chinese text focusing on the Han dynasty's role in reviving the route rather than its initial formation.","The Chinese panel discusses broader historical context (e.g., Warring States period) but does not explicitly address the 2nd century BCE timeline mentioned in the English and Korean panels. The English and Korean panels do not elaborate on the Eastern Han period's significance in the Silk Road's history.",medium,"{""labels"": [""Type A — Factual Divergence""], ""summary"": ""The English and Korean panels state the Silk Road began in the 2nd century BCE, while the Chinese panel emphasizes its reopening during the Eastern Han period (circa 1st century CE) under Ban Chao's mission. This creates a direct conflict over the specific start date, with the Chinese text focusing on the Han dynasty's role in reviving the route rather than its initial formation."", ""omission_notes"": ""The Chinese panel discusses broader historical context (e.g., Warring States period) but does not explicitly address the 2nd century BCE timeline mentioned in the English and Korean panels. The English and Korean panels do not elaborate on the Eastern Han period's significance in the Silk Road's history."", ""confidence"": ""medium""}"
T4-25,Information Age,When did the Information Age start?,Type A — Factual Divergence; Type E — Definitional Boundary,"The English and Russian panels cite 1947 as the start of the Information Age, linking it directly to the transistor's invention. The Korean panel instead associates it with the 3rd Industrial Revolution, placing the beginning in the 1970s. The Chinese panel broadly references the mid-20th century without specifying a precise year. The Korean panel also frames the Information Age as an ongoing era that overlaps with the 4th Industrial Revolution, while the English/Russian panels treat it as a distinct historical period.","The Korean panel omits mention of the transistor's role in initiating the Information Age, focusing instead on industrial revolutions. The Chinese panel does not address the transistor or specific dates beyond the mid-20th century. The English/Russian panels do not discuss the 4th Industrial Revolution's relationship to the Information Age.",medium,"{""labels"": [""Type A — Factual Divergence"", ""Type E — Definitional Boundary""], ""summary"": ""The English and Russian panels cite 1947 as the start of the Information Age, linking it directly to the transistor's invention. The Korean panel instead associates it with the 3rd Industrial Revolution, placing the beginning in the 1970s. The Chinese panel broadly references the mid-20th century without specifying a precise year. The Korean panel also frames the Information Age as an ongoing era that overlaps with the 4th Industrial Revolution, while the English/Russian panels treat it as a distinct historical period."", ""omission_notes"": ""The Korean panel omits mention of the transistor's role in initiating the Information Age, focusing instead on industrial revolutions. The Chinese panel does not address the transistor or specific dates beyond the mid-20th century. The English/Russian panels do not discuss the 4th Industrial Revolution's relationship to the Information Age."", ""confidence"": ""medium""}"
T4-27,Space Age,When did the Space Age start?,No label returned,"All panels agree that the Space Age began on October 4, 1957, with the launch of Sputnik 1. They consistently attribute this event as the starting point of the Space Age, though the Russian panel briefly mentions the Apollo-Soyuz Test Project as a conclusion of the Space Race without specifying an end date for the broader Space Age.","The Russian panel does not explicitly mention the ongoing nature of the Space Age beyond the Space Race context, while the Chinese and Korean panels emphasize its continuation to the present. The English panel provides a clear end date (1975) for the Space Age, which is not universally stated across all language versions.",high,"{""labels"": [], ""summary"": ""All panels agree that the Space Age began on October 4, 1957, with the launch of Sputnik 1. They consistently attribute this event as the starting point of the Space Age, though the Russian panel briefly mentions the Apollo-Soyuz Test Project as a conclusion of the Space Race without specifying an end date for the broader Space Age."", ""omission_notes"": ""The Russian panel does not explicitly mention the ongoing nature of the Space Age beyond the Space Race context, while the Chinese and Korean panels emphasize its continuation to the present. The English panel provides a clear end date (1975) for the Space Age, which is not universally stated across all language versions."", ""confidence"": ""high""}"
T4-29,Reign of Terror,When did the Reign of Terror start?,Type E — Definitional Boundary; Type F — Omission,"English panels cite multiple conflicting dates for the start of the Reign of Terror, including 1793 (5 September or 10 March) and 1792 (September Massacres). Chinese panels focus on 1793-1794 with specific emphasis on 1793 September 6th as the reform of the Committee of Public Safety. Korean panels mention 1793 June 2nd as the start but do not specify a date for the beginning of the Terror. Russian panels broadly define the period as 1793 June to 1794 July 27th without highlighting specific start dates.","English panels explicitly mention the September Massacres (1792) and the first killing of the revolution (1789) as potential starting points, while Chinese panels do not reference these earlier events at all. Korean and Russian panels provide general timeframes without specifying particular dates for the Terror's onset.",medium,"{""labels"": [""Type E — Definitional Boundary"", ""Type F — Omission""], ""summary"": ""English panels cite multiple conflicting dates for the start of the Reign of Terror, including 1793 (5 September or 10 March) and 1792 (September Massacres). Chinese panels focus on 1793-1794 with specific emphasis on 1793 September 6th as the reform of the Committee of Public Safety. Korean panels mention 1793 June 2nd as the start but do not specify a date for the beginning of the Terror. Russian panels broadly define the period as 1793 June to 1794 July 27th without highlighting specific start dates."", ""omission_notes"": ""English panels explicitly mention the September Massacres (1792) and the first killing of the revolution (1789) as potential starting points, while Chinese panels do not reference these earlier events at all. Korean and Russian panels provide general timeframes without specifying particular dates for the Terror's onset."", ""confidence"": ""medium""}"
T4-30,Gilded Age,When did the Gilded Age start?,Type B — Attribution; Type E — Definitional Boundary,"The English and Russian panels attribute the origin of the term 'Gilded Age' to Mark Twain's 1873 novel, while the Chinese panel incorrectly credits Shakespeare's 1595 play 'King John' as its source. Additionally, the Russian panel defines the Gilded Age as starting in 1873 (the novel's publication year) and ending in 1893, whereas the English panel places the start in the late 1870s and end in the late 1890s, and the Chinese panel spans from the 1870s to 1900. These differences reflect varying interpretations of the term's temporal boundaries and origin.","The Chinese panel explicitly discusses the term's origin, while the English and Russian panels focus on economic and social developments without addressing the term's etymology. There is no genuine omission of central facts in any panel.",high,"{""labels"": [""Type B — Attribution"", ""Type E — Definitional Boundary""], ""summary"": ""The English and Russian panels attribute the origin of the term 'Gilded Age' to Mark Twain's 1873 novel, while the Chinese panel incorrectly credits Shakespeare's 1595 play 'King John' as its source. Additionally, the Russian panel defines the Gilded Age as starting in 1873 (the novel's publication year) and ending in 1893, whereas the English panel places the start in the late 1870s and end in the late 1890s, and the Chinese panel spans from the 1870s to 1900. These differences reflect varying interpretations of the term's temporal boundaries and origin."", ""omission_notes"": ""The Chinese panel explicitly discusses the term's origin, while the English and Russian panels focus on economic and social developments without addressing the term's etymology. There is no genuine omission of central facts in any panel."", ""confidence"": ""high""}"
T5-01,World War I,What caused World War I?,Type F — Omission,"The English, Chinese, and Korean panels all discuss the causes of World War I, emphasizing the assassination of Archduke Franz Ferdinand, the Balkan crisis, and the broader context of alliances, militarism, and imperial rivalries. The Russian panel, however, focuses exclusively on mobilization numbers and the war’s start/end dates without addressing the causes or underlying factors.","The Russian panel is entirely silent on the causes of World War I, omitting any discussion of the assassination, imperial rivalries, or systemic tensions that the other panels explicitly mention. This absence of causal analysis contrasts sharply with the detailed explanations provided in the English, Chinese, and Korean sources.",high,"{""labels"": [""Type F — Omission""], ""summary"": ""The English, Chinese, and Korean panels all discuss the causes of World War I, emphasizing the assassination of Archduke Franz Ferdinand, the Balkan crisis, and the broader context of alliances, militarism, and imperial rivalries. The Russian panel, however, focuses exclusively on mobilization numbers and the war’s start/end dates without addressing the causes or underlying factors."", ""omission_notes"": ""The Russian panel is entirely silent on the causes of World War I, omitting any discussion of the assassination, imperial rivalries, or systemic tensions that the other panels explicitly mention. This absence of causal analysis contrasts sharply with the detailed explanations provided in the English, Chinese, and Korean sources."", ""confidence"": ""high""}"
T5-02,French Revolution,What caused the French Revolution?,Type D — Framing,"The English and Chinese panels agree that the French Revolution was triggered by social, political, and economic crises, including the convocation of the Estates General in 1789 and the Storming of the Bastille. However, they emphasize different causal narratives: English panels highlight the regime's inability to manage these factors, while Chinese panels stress the role of radical movements and scholars like Mark Philp and Lynn Hunt attributing it to progressive ideologies. The Korean panel focuses on economic hardship and the influence of the American Revolution, and the Russian panel attributes it to the incompetence of the monarchy and accumulated socio-political tensions. All panels concur on the sequence of events but diverge in framing the significance and underlying motivations.","No genuine omission detected. All panels address the causes of the French Revolution, though they may prioritize different factors or contextualize them differently. The English panel does not mention specific scholars, while the Chinese panel includes references to Mark Philp and Lynn Hunt, but this is an emphasis difference, not a silence.",high,"{""labels"": [""Type D — Framing""], ""summary"": ""The English and Chinese panels agree that the French Revolution was triggered by social, political, and economic crises, including the convocation of the Estates General in 1789 and the Storming of the Bastille. However, they emphasize different causal narratives: English panels highlight the regime's inability to manage these factors, while Chinese panels stress the role of radical movements and scholars like Mark Philp and Lynn Hunt attributing it to progressive ideologies. The Korean panel focuses on economic hardship and the influence of the American Revolution, and the Russian panel attributes it to the incompetence of the monarchy and accumulated socio-political tensions. All panels concur on the sequence of events but diverge in framing the significance and underlying motivations."", ""omission_notes"": ""No genuine omission detected. All panels address the causes of the French Revolution, though they may prioritize different factors or contextualize them differently. The English panel does not mention specific scholars, while the Chinese panel includes references to Mark Philp and Lynn Hunt, but this is an emphasis difference, not a silence."", ""confidence"": ""high""}"
T5-03,Russian Revolution,What caused the Russian Revolution?,Type D — Framing,"The English and Chinese panels emphasize the role of World War I in causing the Russian Revolution, citing military defeats, logistical failures, and bread shortages as key factors. The Russian panel focuses on internal factors like army democratization, the land question, and the establishment of Soviet power, without explicitly linking the war's impact as a primary cause. Both English and Chinese sources agree on the sequence of events (February and October Revolutions) but differ in their emphasis on external versus internal causes.","The Russian panel does not elaborate on the direct impact of World War I as a cause, instead listing terms and outcomes without detailed contextual analysis. The English and Chinese panels provide more explicit explanations of the war's role in triggering unrest.",medium,"{""labels"": [""Type D — Framing""], ""summary"": ""The English and Chinese panels emphasize the role of World War I in causing the Russian Revolution, citing military defeats, logistical failures, and bread shortages as key factors. The Russian panel focuses on internal factors like army democratization, the land question, and the establishment of Soviet power, without explicitly linking the war's impact as a primary cause. Both English and Chinese sources agree on the sequence of events (February and October Revolutions) but differ in their emphasis on external versus internal causes."", ""omission_notes"": ""The Russian panel does not elaborate on the direct impact of World War I as a cause, instead listing terms and outcomes without detailed contextual analysis. The English and Chinese panels provide more explicit explanations of the war's role in triggering unrest."", ""confidence"": ""medium""}"
T5-04,American Revolution,What caused the American Revolution?,Type D — Framing; Type F — Omission,"The English and Chinese panels emphasize taxation without representation and specific events like the Stamp Act, Boston Tea Party, and Coercive Acts as central causes. The Korean panel frames the American Revolution as part of a broader context with the French Revolution, highlighting the Seven Years' War and colonial resistance to unilateral taxation. The Russian panel focuses on British taxation and colonial grievances but omits key events like the Boston Tea Party, which are explicitly mentioned in the English and Chinese sources.","The Korean panel does not mention the Boston Tea Party or the role of the Continental Congress in organizing resistance, while the Russian panel's text is cut off and lacks details on specific events such as the Stamp Act Congress or the Declaration of Independence. The English and Chinese panels provide comprehensive coverage of these elements.",medium,"{""labels"": [""Type D — Framing"", ""Type F — Omission""], ""summary"": ""The English and Chinese panels emphasize taxation without representation and specific events like the Stamp Act, Boston Tea Party, and Coercive Acts as central causes. The Korean panel frames the American Revolution as part of a broader context with the French Revolution, highlighting the Seven Years' War and colonial resistance to unilateral taxation. The Russian panel focuses on British taxation and colonial grievances but omits key events like the Boston Tea Party, which are explicitly mentioned in the English and Chinese sources."", ""omission_notes"": ""The Korean panel does not mention the Boston Tea Party or the role of the Continental Congress in organizing resistance, while the Russian panel's text is cut off and lacks details on specific events such as the Stamp Act Congress or the Declaration of Independence. The English and Chinese panels provide comprehensive coverage of these elements."", ""confidence"": ""medium""}"
T5-06,Spanish Civil War,What caused the Spanish Civil War?,Type A — Factual Divergence; Type D — Framing,"The English and Chinese panels agree that the Spanish Civil War was caused by ideological conflicts between left-leaning Republicans (socialists, communists, anarchists) and right-wing Nationalists (Falangists, monarchists, conservatives), with external support from the Soviet Union vs. Fascist Italy and Nazi Germany. However, the Russian panel presents conflicting military strength figures for the same starting point of the war (55,225 vs. 67,275 soldiers in infantry), which is a factual divergence. The Chinese and Korean panels emphasize the war's significance as a prelude to World War II, while the English and Russian panels focus more on internal ideological and political struggles.","The Russian panel omits the explicit framing of the war as a prelude to World War II, which is included in the Chinese and Korean summaries. The English panel does not mention the WWII prelude, but this is not a genuine omission as it discusses the war's ideological context in the broader international climate. The Korean panel also does not explicitly state the WWII connection, but this is not an omission since it covers the war's ideological framing without directly referencing WWII.",high,"{""labels"": [""Type A — Factual Divergence"", ""Type D — Framing""], ""summary"": ""The English and Chinese panels agree that the Spanish Civil War was caused by ideological conflicts between left-leaning Republicans (socialists, communists, anarchists) and right-wing Nationalists (Falangists, monarchists, conservatives), with external support from the Soviet Union vs. Fascist Italy and Nazi Germany. However, the Russian panel presents conflicting military strength figures for the same starting point of the war (55,225 vs. 67,275 soldiers in infantry), which is a factual divergence. The Chinese and Korean panels emphasize the war's significance as a prelude to World War II, while the English and Russian panels focus more on internal ideological and political struggles."", ""omission_notes"": ""The Russian panel omits the explicit framing of the war as a prelude to World War II, which is included in the Chinese and Korean summaries. The English panel does not mention the WWII prelude, but this is not a genuine omission as it discusses the war's ideological context in the broader international climate. The Korean panel also does not explicitly state the WWII connection, but this is not an omission since it covers the war's ideological framing without directly referencing WWII."", ""confidence"": ""high""}"
T5-07,Boxer Rebellion,What caused the Boxer Rebellion?,Type D — Framing; Type F — Omission,"English and Chinese panels both agree the Boxer Rebellion was an anti-foreign/anti-Christian movement, but differ in emphasis. English sources highlight natural disasters and resentment toward Christian missionaries' cultural insensitivity, while Chinese sources stress the impact of Western imperialism, the 'Boxer Indemnity' (庚子赔款), and internal Qing court dynamics. Korean and Russian panels provide minimal context, with Russian content focusing solely on the Eight-Nation Alliance composition and Korean text containing fragmented names and numbers without explanatory analysis.","Korean panel appears entirely silent on causal factors, presenting only names and statistics without narrative context. Russian panel focuses exclusively on the coalition forming to suppress the rebellion, omitting any discussion of its origins or motivations. English and Chinese panels both provide causal explanations but with differing emphases.",medium,"{""labels"": [""Type D — Framing"", ""Type F — Omission""], ""summary"": ""English and Chinese panels both agree the Boxer Rebellion was an anti-foreign/anti-Christian movement, but differ in emphasis. English sources highlight natural disasters and resentment toward Christian missionaries' cultural insensitivity, while Chinese sources stress the impact of Western imperialism, the 'Boxer Indemnity' (庚子赔款), and internal Qing court dynamics. Korean and Russian panels provide minimal context, with Russian content focusing solely on the Eight-Nation Alliance composition and Korean text containing fragmented names and numbers without explanatory analysis."", ""omission_notes"": ""Korean panel appears entirely silent on causal factors, presenting only names and statistics without narrative context. Russian panel focuses exclusively on the coalition forming to suppress the rebellion, omitting any discussion of its origins or motivations. English and Chinese panels both provide causal explanations but with differing emphases."", ""confidence"": ""medium""}"
T5-08,Great Depression,What caused the Great Depression?,Type B — Attribution; Type E — Definitional Boundary,"The English and Korean panels agree that the Great Depression began with the 1929 Wall Street crash and was driven by speculation, wealth inequality, and lax banking regulations. The Chinese panel emphasizes that different economic schools (market vs. government) offer conflicting explanations for the causes, while the Russian panel primarily defines the term as referring to the U.S.-specific crisis, contrasting it with the broader 'world economic crisis' label. The Russian panel's focus on U.S.-centric terminology creates a definitional boundary disagreement with the global scope implied in other panels.","The Russian panel does not discuss specific causal factors like the stock market crash or speculation, instead focusing on terminology usage. The Chinese panel omits detailed events such as the 1929 crash but centers on ideological debates about responsibility for the crisis.",medium,"{""labels"": [""Type B — Attribution"", ""Type E — Definitional Boundary""], ""summary"": ""The English and Korean panels agree that the Great Depression began with the 1929 Wall Street crash and was driven by speculation, wealth inequality, and lax banking regulations. The Chinese panel emphasizes that different economic schools (market vs. government) offer conflicting explanations for the causes, while the Russian panel primarily defines the term as referring to the U.S.-specific crisis, contrasting it with the broader 'world economic crisis' label. The Russian panel's focus on U.S.-centric terminology creates a definitional boundary disagreement with the global scope implied in other panels."", ""omission_notes"": ""The Russian panel does not discuss specific causal factors like the stock market crash or speculation, instead focusing on terminology usage. The Chinese panel omits detailed events such as the 1929 crash but centers on ideological debates about responsibility for the crisis."", ""confidence"": ""medium""}"
T5-09,Reformation,What caused the Reformation?,Type D — Framing; Type F — Omission,"English and Korean panels emphasize Martin Luther's 1517 Ninety-five Theses as the catalyst, framing the Reformation as a challenge to papal authority and institutional corruption. Chinese and Russian panels highlight doctrinal disagreements (e.g., justification by faith vs. works) as the core cause, with Chinese sources explicitly stating '教義上的歧見才是引发宗教改革的關鍵' and adding factors like the Black Death's impact and the Western Schism. Russian sources focus on the 1648 Treaty of Westphalia as the endpoint, while English sources note scholarly disputes over the era's end.","English panels omit discussion of the Black Death's role and the Western Schism as contributing factors. Chinese panels provide detailed context about earlier reformers (Wycliffe, Hus) and socio-political influences, which are not mentioned in English sources. Russian panels do not address the Black Death or Western Schism, but they do mention the 1648 Treaty of Westphalia as the endpoint.",high,"{""labels"": [""Type D — Framing"", ""Type F — Omission""], ""summary"": ""English and Korean panels emphasize Martin Luther's 1517 Ninety-five Theses as the catalyst, framing the Reformation as a challenge to papal authority and institutional corruption. Chinese and Russian panels highlight doctrinal disagreements (e.g., justification by faith vs. works) as the core cause, with Chinese sources explicitly stating '教義上的歧見才是引发宗教改革的關鍵' and adding factors like the Black Death's impact and the Western Schism. Russian sources focus on the 1648 Treaty of Westphalia as the endpoint, while English sources note scholarly disputes over the era's end."", ""omission_notes"": ""English panels omit discussion of the Black Death's role and the Western Schism as contributing factors. Chinese panels provide detailed context about earlier reformers (Wycliffe, Hus) and socio-political influences, which are not mentioned in English sources. Russian panels do not address the Black Death or Western Schism, but they do mention the 1648 Treaty of Westphalia as the endpoint."", ""confidence"": ""high""}"
T5-10,Black Death,What caused the Black Death?,Type B — Attribution; Type D — Framing,"English and Chinese panels both attribute the Black Death to Yersinia pestis, but Chinese sources emphasize its origin in Central Asia (Tian Shan region) or East Asia (Yuan Dynasty), while English sources focus on the role of the Mongol army in spreading the disease from Kaffa. Korean and Russian panels also mention Yersinia pestis as the causative agent, but Russian sources note alternative theories about its nature. All panels agree on the bacterium as the cause but differ in emphasizing specific transmission vectors (e.g., fleas vs. black rats) and historical contexts.","English panels do not mention the disease's origin in Central Asia or East Asia, while Chinese panels provide detailed geographical attributions. Korean and Russian panels do not discuss the disease's name origin or social impacts as extensively as Chinese sources. No panel is entirely silent on the core causal question.",high,"{""labels"": [""Type B — Attribution"", ""Type D — Framing""], ""summary"": ""English and Chinese panels both attribute the Black Death to Yersinia pestis, but Chinese sources emphasize its origin in Central Asia (Tian Shan region) or East Asia (Yuan Dynasty), while English sources focus on the role of the Mongol army in spreading the disease from Kaffa. Korean and Russian panels also mention Yersinia pestis as the causative agent, but Russian sources note alternative theories about its nature. All panels agree on the bacterium as the cause but differ in emphasizing specific transmission vectors (e.g., fleas vs. black rats) and historical contexts."", ""omission_notes"": ""English panels do not mention the disease's origin in Central Asia or East Asia, while Chinese panels provide detailed geographical attributions. Korean and Russian panels do not discuss the disease's name origin or social impacts as extensively as Chinese sources. No panel is entirely silent on the core causal question."", ""confidence"": ""high""}"
T5-11,Atlantic slave trade,What caused the Atlantic slave trade?,Type D — Framing; Type E — Definitional Boundary,"The English and Korean panels agree that the Atlantic slave trade primarily involved transporting enslaved Africans to the Americas through purchases from African merchants, with some European participation in raids being less common. The Chinese panel emphasizes that the trade was driven by both trade and attacks, including kidnapping, and highlights the term 'Black Slave Trade' as a label, though notes its inaccuracy due to pre-medieval origins. The Chinese panel also extends the time frame to the 20th century, while the English and Korean focus on the 16th to 19th centuries.","The English panel discusses the Middle Passage and triangular trade route, which are not explicitly mentioned in the Chinese or Korean panels. The Chinese and Korean panels do not reference the Middle Passage or triangular trade, though they describe similar transportation methods.",high,"{""labels"": [""Type D — Framing"", ""Type E — Definitional Boundary""], ""summary"": ""The English and Korean panels agree that the Atlantic slave trade primarily involved transporting enslaved Africans to the Americas through purchases from African merchants, with some European participation in raids being less common. The Chinese panel emphasizes that the trade was driven by both trade and attacks, including kidnapping, and highlights the term 'Black Slave Trade' as a label, though notes its inaccuracy due to pre-medieval origins. The Chinese panel also extends the time frame to the 20th century, while the English and Korean focus on the 16th to 19th centuries."", ""omission_notes"": ""The English panel discusses the Middle Passage and triangular trade route, which are not explicitly mentioned in the Chinese or Korean panels. The Chinese and Korean panels do not reference the Middle Passage or triangular trade, though they describe similar transportation methods."", ""confidence"": ""high""}"
T5-13,American Civil War,What caused the American Civil War?,Type D — Framing,"All panels agree the American Civil War was caused by slavery-related conflicts, with Southern states seceding to preserve the institution. The English and Chinese panels emphasize the political divide between slave and free states, while the Korean and Russian panels focus more on the immediate trigger (Confederate bombardment of Fort Sumter) and the formation of the Confederacy. The Chinese panel provides additional context about the 1860 election and the abolitionist movement, whereas the English panel highlights the direct link between Lincoln's victory and the secession crisis.",The Russian panel briefly mentions the Confederacy's formation but does not elaborate on the political opposition between slave and free states. The Korean panel lists military figures but lacks detailed analysis of the root causes. No panel is entirely silent on the central cause of slavery.,high,"{""labels"": [""Type D — Framing""], ""summary"": ""All panels agree the American Civil War was caused by slavery-related conflicts, with Southern states seceding to preserve the institution. The English and Chinese panels emphasize the political divide between slave and free states, while the Korean and Russian panels focus more on the immediate trigger (Confederate bombardment of Fort Sumter) and the formation of the Confederacy. The Chinese panel provides additional context about the 1860 election and the abolitionist movement, whereas the English panel highlights the direct link between Lincoln's victory and the secession crisis."", ""omission_notes"": ""The Russian panel briefly mentions the Confederacy's formation but does not elaborate on the political opposition between slave and free states. The Korean panel lists military figures but lacks detailed analysis of the root causes. No panel is entirely silent on the central cause of slavery."", ""confidence"": ""high""}"
T5-14,Cuban Missile Crisis,What caused the Cuban Missile Crisis?,Type F — Omission,"The English and Russian panels both attribute the Cuban Missile Crisis to the Soviet Union's deployment of nuclear missiles in Cuba in response to the United States' placement of Jupiter missiles in Turkey (a NATO country) in 1961, which could reach Soviet cities. The English panel also emphasizes the U-2 spy plane photos as the trigger for the crisis. The Chinese panel does not mention these specific U.S. missile deployments or the U-2 incident, instead focusing on the Soviet's countermeasures to U.S. actions in Italy and Turkey without elaborating on the historical context or timeline.",The Chinese panel is silent on the U.S. deployment of Jupiter missiles in Turkey (1961) and the role of the U-2 spy plane in revealing the missile sites. These elements are central to the English and Russian narratives but are absent from the Chinese account.,high,"{""labels"": [""Type F — Omission""], ""summary"": ""The English and Russian panels both attribute the Cuban Missile Crisis to the Soviet Union's deployment of nuclear missiles in Cuba in response to the United States' placement of Jupiter missiles in Turkey (a NATO country) in 1961, which could reach Soviet cities. The English panel also emphasizes the U-2 spy plane photos as the trigger for the crisis. The Chinese panel does not mention these specific U.S. missile deployments or the U-2 incident, instead focusing on the Soviet's countermeasures to U.S. actions in Italy and Turkey without elaborating on the historical context or timeline."", ""omission_notes"": ""The Chinese panel is silent on the U.S. deployment of Jupiter missiles in Turkey (1961) and the role of the U-2 spy plane in revealing the missile sites. These elements are central to the English and Russian narratives but are absent from the Chinese account."", ""confidence"": ""high""}"
T5-15,Hundred Years' War,What caused the Hundred Years' War?,No label returned,"All language panels agree that the Hundred Years' War was caused by disputes over the French throne and territorial claims, particularly the Plantagenet dynasty's assertion of rights to the French crown and their desire to reclaim continental territories. The English and Chinese sources emphasize the feudal conflicts and succession issues, while the Korean and Russian texts highlight the dynastic rivalry and the Plantagenets' attempts to assert authority over France.","The Russian panel's snippet appears incomplete, cutting off mid-sentence, but it still addresses the cause of the war. The Korean panel provides more detailed historical context about the Plantagenets' vassal status under the French crown, which is not explicitly mentioned in the English or Chinese summaries. However, all panels cover the core cause of the conflict.",high,"{""labels"": [], ""summary"": ""All language panels agree that the Hundred Years' War was caused by disputes over the French throne and territorial claims, particularly the Plantagenet dynasty's assertion of rights to the French crown and their desire to reclaim continental territories. The English and Chinese sources emphasize the feudal conflicts and succession issues, while the Korean and Russian texts highlight the dynastic rivalry and the Plantagenets' attempts to assert authority over France."", ""omission_notes"": ""The Russian panel's snippet appears incomplete, cutting off mid-sentence, but it still addresses the cause of the war. The Korean panel provides more detailed historical context about the Plantagenets' vassal status under the French crown, which is not explicitly mentioned in the English or Chinese summaries. However, all panels cover the core cause of the conflict."", ""confidence"": ""high""}"
T5-16,Crimean War,What caused the Crimean War?,Type D — Framing,"All panels agree that the Crimean War's immediate cause was a dispute over Christian rights in Ottoman territories, with France supporting Catholic rights and Russia advocating for Orthodox rights. The English panel emphasizes Tsar Nicholas I's demand for protection of Orthodox subjects and the Ottoman refusal, while the Chinese and Korean panels frame it as a conflict over the Ottoman's weakness in holy places and the refusal to modify agreements. The English panel also highlights the long-term geopolitical factors of the Ottoman decline and balance of power, which are similarly mentioned in the Chinese and Korean results.","No genuine omission is observed. All panels address the immediate and long-term causes, though they may emphasize different aspects of the same events.",high,"{""labels"": [""Type D — Framing""], ""summary"": ""All panels agree that the Crimean War's immediate cause was a dispute over Christian rights in Ottoman territories, with France supporting Catholic rights and Russia advocating for Orthodox rights. The English panel emphasizes Tsar Nicholas I's demand for protection of Orthodox subjects and the Ottoman refusal, while the Chinese and Korean panels frame it as a conflict over the Ottoman's weakness in holy places and the refusal to modify agreements. The English panel also highlights the long-term geopolitical factors of the Ottoman decline and balance of power, which are similarly mentioned in the Chinese and Korean results."", ""omission_notes"": ""No genuine omission is observed. All panels address the immediate and long-term causes, though they may emphasize different aspects of the same events."", ""confidence"": ""high""}"
T5-17,Peloponnesian War,What caused the Peloponnesian War?,Type D — Framing; Type F — Omission,"The English and Korean panels emphasize the conflict over Greek hegemony and the Persian Empire's intervention in 413 BC as key causes, framing the war as a struggle between Athens' Delian League and Sparta's Peloponnesian League. The Russian panel highlights political differences between Athens (democracy) and Sparta (oligarchy), attributing the war to systemic rivalry and ethnic origins (Ionians vs. Dorians). The Chinese panel focuses on the hegemony struggle and long-term consequences but does not explicitly mention the Persian Empire's role in the war's progression.","The Chinese panel omits any discussion of the Persian Empire's involvement in the war, which is central to the English and Korean narratives. The Russian panel does not appear to be silent on the cause, as it explicitly addresses political systems and origins.",medium,"{""labels"": [""Type D — Framing"", ""Type F — Omission""], ""summary"": ""The English and Korean panels emphasize the conflict over Greek hegemony and the Persian Empire's intervention in 413 BC as key causes, framing the war as a struggle between Athens' Delian League and Sparta's Peloponnesian League. The Russian panel highlights political differences between Athens (democracy) and Sparta (oligarchy), attributing the war to systemic rivalry and ethnic origins (Ionians vs. Dorians). The Chinese panel focuses on the hegemony struggle and long-term consequences but does not explicitly mention the Persian Empire's role in the war's progression."", ""omission_notes"": ""The Chinese panel omits any discussion of the Persian Empire's involvement in the war, which is central to the English and Korean narratives. The Russian panel does not appear to be silent on the cause, as it explicitly addresses political systems and origins."", ""confidence"": ""medium""}"
T5-18,rise of Napoleon,What caused the rise of Napoleon?,Type D — Framing,"All panels agree that Napoleon's rise was driven by military victories during the French Revolution and the 1799 Coup of 18 Brumaire. English and Chinese panels emphasize his role in defeating the First Coalition and implementing reforms, while Korean and Russian panels highlight his tactical innovations and the establishment of modern French governance structures. The framing of his impact varies between military prowess, political maneuvering, and institutional legacy.","No genuine omission detected. All panels include core events: military campaigns, political coup, and rise to power. Differences in emphasis rather than content absence.",medium,"{""labels"": [""Type D — Framing""], ""summary"": ""All panels agree that Napoleon's rise was driven by military victories during the French Revolution and the 1799 Coup of 18 Brumaire. English and Chinese panels emphasize his role in defeating the First Coalition and implementing reforms, while Korean and Russian panels highlight his tactical innovations and the establishment of modern French governance structures. The framing of his impact varies between military prowess, political maneuvering, and institutional legacy."", ""omission_notes"": ""No genuine omission detected. All panels include core events: military campaigns, political coup, and rise to power. Differences in emphasis rather than content absence."", ""confidence"": ""medium""}"
T5-19,Mongol invasions of Europe,What caused the Mongol invasions of Europe?,No label returned,"All panels agree that the Mongol invasions of Europe were driven by the desire to expand the Mongol Empire's western borders and ensure security on the Eurasian frontier. The English and Korean sources emphasize the military leadership of Subutai and Batu Khan, while the Chinese source provides additional context about the campaign's historical significance and the debate surrounding its role in macro history.","The Chinese panel includes a discussion on the debate about the campaign's importance in macro history, which is not mentioned in the English or Korean sources.",high,"{""labels"": [], ""summary"": ""All panels agree that the Mongol invasions of Europe were driven by the desire to expand the Mongol Empire's western borders and ensure security on the Eurasian frontier. The English and Korean sources emphasize the military leadership of Subutai and Batu Khan, while the Chinese source provides additional context about the campaign's historical significance and the debate surrounding its role in macro history."", ""omission_notes"": ""The Chinese panel includes a discussion on the debate about the campaign's importance in macro history, which is not mentioned in the English or Korean sources."", ""confidence"": ""high""}"
T5-20,Crusades,What caused the Crusades?,Type D — Framing; Type E — Definitional Boundary,"The English and Chinese panels emphasize the papacy's role in initiating the Crusades as a religious campaign to reclaim Jerusalem, focusing on spiritual motivations and the establishment of Crusader states. The Korean and Russian panels highlight diverse motives, including feudal interests, political ambitions, and the broader context of religious and social conflicts. The Russian panel also notes the Crusades' expansion beyond Muslim targets to include pagans and heretics, while the Korean panel introduces the definitional boundary of the term 'Crusades' not being used until the 18th century.","The English and Chinese panels do not address the historical origin of the term 'Crusades' or its later usage, while the Korean panel explicitly mentions this. The Russian panel's snippet is incomplete but does not reference the term's etymology. The omission of the term's definitional timeline is specific to the English and Chinese panels, whereas the Korean and Russian panels provide this detail.",medium,"{""labels"": [""Type D — Framing"", ""Type E — Definitional Boundary""], ""summary"": ""The English and Chinese panels emphasize the papacy's role in initiating the Crusades as a religious campaign to reclaim Jerusalem, focusing on spiritual motivations and the establishment of Crusader states. The Korean and Russian panels highlight diverse motives, including feudal interests, political ambitions, and the broader context of religious and social conflicts. The Russian panel also notes the Crusades' expansion beyond Muslim targets to include pagans and heretics, while the Korean panel introduces the definitional boundary of the term 'Crusades' not being used until the 18th century."", ""omission_notes"": ""The English and Chinese panels do not address the historical origin of the term 'Crusades' or its later usage, while the Korean panel explicitly mentions this. The Russian panel's snippet is incomplete but does not reference the term's etymology. The omission of the term's definitional timeline is specific to the English and Chinese panels, whereas the Korean and Russian panels provide this detail."", ""confidence"": ""medium""}"
T5-21,Thirty Years' War,What caused the Thirty Years' War?,Type D — Framing; Type F — Omission,"The English and Chinese panels both acknowledge religious conflict as a key cause, but differ in framing the political dimensions. The English text emphasizes the Habsburgs' imperial authority disputes, while the Chinese panel highlights the rivalry between the Habsburgs (Austria, Spain) and the Bourbon dynasty in France. The Korean panel focuses on religious and political tensions between absolutism and feudalism, but its content is incomplete. The Russian panel provides no information about the causes of the war, only a list of territories.","The Russian panel entirely omits discussion of the war's causes, focusing only on a list of regions and cities. The other panels explicitly address religious and political factors, including the Peace of Augsburg, Habsburg dominance, and the role of external powers.",medium,"{""labels"": [""Type D — Framing"", ""Type F — Omission""], ""summary"": ""The English and Chinese panels both acknowledge religious conflict as a key cause, but differ in framing the political dimensions. The English text emphasizes the Habsburgs' imperial authority disputes, while the Chinese panel highlights the rivalry between the Habsburgs (Austria, Spain) and the Bourbon dynasty in France. The Korean panel focuses on religious and political tensions between absolutism and feudalism, but its content is incomplete. The Russian panel provides no information about the causes of the war, only a list of territories."", ""omission_notes"": ""The Russian panel entirely omits discussion of the war's causes, focusing only on a list of regions and cities. The other panels explicitly address religious and political factors, including the Peace of Augsburg, Habsburg dominance, and the role of external powers."", ""confidence"": ""medium""}"
T5-22,Glorious Revolution,What caused the Glorious Revolution?,Type D — Framing; Type F — Omission,"English and Chinese panels agree that the Glorious Revolution was triggered by King James II's Catholic policies and the threat of a Catholic dynasty, leading to the invitation of William III. Korean and Russian panels emphasize the parliamentary-noble alliance and the symbolic nature of the power transition, respectively. Russian panel notably omits detailed discussion of Jacobite uprisings in Scotland and Ireland, which are explicitly mentioned in English and Chinese sources.",Russian panel only mentions the event's alternative names without elaborating on the Jacobite conflicts in Scotland and Ireland. English and Chinese panels provide specific details about these regional uprisings and their historical significance.,high,"{""labels"": [""Type D — Framing"", ""Type F — Omission""], ""summary"": ""English and Chinese panels agree that the Glorious Revolution was triggered by King James II's Catholic policies and the threat of a Catholic dynasty, leading to the invitation of William III. Korean and Russian panels emphasize the parliamentary-noble alliance and the symbolic nature of the power transition, respectively. Russian panel notably omits detailed discussion of Jacobite uprisings in Scotland and Ireland, which are explicitly mentioned in English and Chinese sources."", ""omission_notes"": ""Russian panel only mentions the event's alternative names without elaborating on the Jacobite conflicts in Scotland and Ireland. English and Chinese panels provide specific details about these regional uprisings and their historical significance."", ""confidence"": ""high""}"
T5-23,Mexican Revolution,What caused the Mexican Revolution?,Type D — Framing,"The English and Korean panels emphasize foreign involvement (U.S. and German Empire) as a cause of the Mexican Revolution, while the Chinese panel focuses on the internal cause of ending the dictatorship to establish a constitutional republic. All panels agree on the overthrow of Porfirio Díaz and the civil war context, but differ in the framing of the causes, with the Chinese panel omitting foreign factors entirely.","The Chinese panel does not mention foreign powers' involvement in the revolution, which is highlighted in the English and Korean panels. The Korean panel includes German Empire support, while the English panel emphasizes U.S. economic and strategic interests.",high,"{""labels"": [""Type D — Framing""], ""summary"": ""The English and Korean panels emphasize foreign involvement (U.S. and German Empire) as a cause of the Mexican Revolution, while the Chinese panel focuses on the internal cause of ending the dictatorship to establish a constitutional republic. All panels agree on the overthrow of Porfirio Díaz and the civil war context, but differ in the framing of the causes, with the Chinese panel omitting foreign factors entirely."", ""omission_notes"": ""The Chinese panel does not mention foreign powers' involvement in the revolution, which is highlighted in the English and Korean panels. The Korean panel includes German Empire support, while the English panel emphasizes U.S. economic and strategic interests."", ""confidence"": ""high""}"
T5-24,1848 Revolutions,What caused the 1848 Revolutions?,Type D — Framing,"The English and Korean panels both emphasize democratic and liberal demands, freedom of the press, and economic grievances as primary causes, while the Chinese panel highlights nationalistic movements and the impact of the potato famine. All panels agree on the core factors but differ in the emphasis placed on nationalistic elements versus liberal-democratic ideals.","No genuine omission detected. All panels address the same set of causes, though the Chinese panel provides more detailed context on the famine's role while the English panel focuses on constitutionalism and popular sovereignty.",high,"{""labels"": [""Type D — Framing""], ""summary"": ""The English and Korean panels both emphasize democratic and liberal demands, freedom of the press, and economic grievances as primary causes, while the Chinese panel highlights nationalistic movements and the impact of the potato famine. All panels agree on the core factors but differ in the emphasis placed on nationalistic elements versus liberal-democratic ideals."", ""omission_notes"": ""No genuine omission detected. All panels address the same set of causes, though the Chinese panel provides more detailed context on the famine's role while the English panel focuses on constitutionalism and popular sovereignty."", ""confidence"": ""high""}"
T5-25,Long March,What caused the Long March?,Type E — Definitional Boundary; Type D — Framing,"The English and Chinese panels explicitly attribute the Long March to the defeat in the Fifth Encirclement Campaign, while the Russian panel refers to it as a general 'long encirclement' without specifying the campaign name. The Korean panel also mentions the long encirclement campaign but aligns with the English and Chinese framing. The Russian text emphasizes the broader context of encirclement and withdrawal, whereas the English and Chinese sources focus on the specific Fifth Encirclement Campaign as the catalyst.","The Russian panel omits the specific reference to the Fifth Encirclement Campaign, instead using a more general term. The English and Chinese panels provide detailed historical context about the campaign, including its name and timing. The Korean panel indirectly references the Fifth Encirclement Campaign through its mention of 'long encirclement' but does not explicitly name it.",medium,"{""labels"": [""Type E — Definitional Boundary"", ""Type D — Framing""], ""summary"": ""The English and Chinese panels explicitly attribute the Long March to the defeat in the Fifth Encirclement Campaign, while the Russian panel refers to it as a general 'long encirclement' without specifying the campaign name. The Korean panel also mentions the long encirclement campaign but aligns with the English and Chinese framing. The Russian text emphasizes the broader context of encirclement and withdrawal, whereas the English and Chinese sources focus on the specific Fifth Encirclement Campaign as the catalyst."", ""omission_notes"": ""The Russian panel omits the specific reference to the Fifth Encirclement Campaign, instead using a more general term. The English and Chinese panels provide detailed historical context about the campaign, including its name and timing. The Korean panel indirectly references the Fifth Encirclement Campaign through its mention of 'long encirclement' but does not explicitly name it."", ""confidence"": ""medium""}"
T5-26,Suez Crisis,What caused the Suez Crisis?,Type D — Framing; Type F — Omission,"The English and Korean panels emphasize the direct cause of the Suez Crisis as the Egyptian nationalization of the Suez Canal and the subsequent British-French-Israeli invasion to depose Gamal Abdel Nasser and regain canal control. The Chinese panel frames the conflict as a mutual alliance driven by trade interests (UK/France) and strategic access (Israel), highlighting the geopolitical motivations rather than focusing on the immediate military actions. The Chinese panel omits specific details about U.S. and Soviet pressures leading to the withdrawal of the invading forces, which are explicitly mentioned in the English and Korean sources.","The Chinese panel does not address the U.S. and Soviet Union's role in pressuring the UK and France to withdraw, nor does it mention the UN's involvement or the timeline of the withdrawal. These elements are central to the English and Korean accounts but absent from the Chinese summary.",medium,"{""labels"": [""Type D — Framing"", ""Type F — Omission""], ""summary"": ""The English and Korean panels emphasize the direct cause of the Suez Crisis as the Egyptian nationalization of the Suez Canal and the subsequent British-French-Israeli invasion to depose Gamal Abdel Nasser and regain canal control. The Chinese panel frames the conflict as a mutual alliance driven by trade interests (UK/France) and strategic access (Israel), highlighting the geopolitical motivations rather than focusing on the immediate military actions. The Chinese panel omits specific details about U.S. and Soviet pressures leading to the withdrawal of the invading forces, which are explicitly mentioned in the English and Korean sources."", ""omission_notes"": ""The Chinese panel does not address the U.S. and Soviet Union's role in pressuring the UK and France to withdraw, nor does it mention the UN's involvement or the timeline of the withdrawal. These elements are central to the English and Korean accounts but absent from the Chinese summary."", ""confidence"": ""medium""}"
T5-27,Bay of Pigs invasion,What caused the Bay of Pigs invasion?,Type D — Framing; Type F — Omission,"The English and Chinese panels agree that the Bay of Pigs invasion was a U.S.-backed attempt to overthrow Fidel Castro's government, but they emphasize different aspects of its significance. The English panel highlights the Cold War context and the failure's impact on U.S.-Cuba-Soviet relations, while the Chinese panel focuses on the political consequences for Kennedy's administration and the subsequent Cuban Missile Crisis. The Korean panel omits detailed discussion of the invasion's causes, instead listing military personnel and equipment without contextual explanation.","The Korean panel is entirely silent on the political motivations, Cold War dynamics, and long-term consequences of the invasion, only providing a list of names and military assets. The Russian panel mentions Castro's socialist reforms and U.S. interest in regime change but does not elaborate on the embargo or the broader geopolitical framing present in the English and Chinese sources.",medium,"{""labels"": [""Type D — Framing"", ""Type F — Omission""], ""summary"": ""The English and Chinese panels agree that the Bay of Pigs invasion was a U.S.-backed attempt to overthrow Fidel Castro's government, but they emphasize different aspects of its significance. The English panel highlights the Cold War context and the failure's impact on U.S.-Cuba-Soviet relations, while the Chinese panel focuses on the political consequences for Kennedy's administration and the subsequent Cuban Missile Crisis. The Korean panel omits detailed discussion of the invasion's causes, instead listing military personnel and equipment without contextual explanation."", ""omission_notes"": ""The Korean panel is entirely silent on the political motivations, Cold War dynamics, and long-term consequences of the invasion, only providing a list of names and military assets. The Russian panel mentions Castro's socialist reforms and U.S. interest in regime change but does not elaborate on the embargo or the broader geopolitical framing present in the English and Chinese sources."", ""confidence"": ""medium""}"
T5-28,fall of Saigon,What caused the fall of Saigon?,Type F — Omission,"The English, Chinese, and Korean panels all describe the fall of Saigon as a result of the 1975 Spring Offensive led by North Vietnamese forces, with the South Vietnamese government surrendering and the city being captured. The Russian panel, however, contains only a list of names and numbers without contextual explanation of the event's causes or sequence, making it functionally silent on the central historical narrative.","The Russian panel provides no discussion of the military campaign, political context, or consequences of the fall of Saigon. It appears to contain raw data or text fragments without interpretation, whereas the other panels explicitly attribute the event to the North Vietnamese offensive and describe its impact on the Vietnam War's conclusion.",medium,"{""labels"": [""Type F — Omission""], ""summary"": ""The English, Chinese, and Korean panels all describe the fall of Saigon as a result of the 1975 Spring Offensive led by North Vietnamese forces, with the South Vietnamese government surrendering and the city being captured. The Russian panel, however, contains only a list of names and numbers without contextual explanation of the event's causes or sequence, making it functionally silent on the central historical narrative."", ""omission_notes"": ""The Russian panel provides no discussion of the military campaign, political context, or consequences of the fall of Saigon. It appears to contain raw data or text fragments without interpretation, whereas the other panels explicitly attribute the event to the North Vietnamese offensive and describe its impact on the Vietnam War's conclusion."", ""confidence"": ""medium""}"
T5-29,Partition of India,What caused the Partition of India?,Type B — Attribution; Type D — Framing; Type F — Omission,"The English and Chinese panels focus on the division of provinces (Bengal, Punjab) based on religious majorities and the legal framework of the Indian Independence Act 1947. The Korean panel emphasizes the Radcliffe Line as the boundary-drawing mechanism, while the Russian panel attributes the partition to the formation of the All-India Muslim League and Muhammad Ali Jinnah's advocacy for a separate Muslim state, which is not explicitly mentioned in the English or Chinese snippets. The Russian panel also omits detailed discussion of the Princely States' role in the partition process, which is explicitly addressed in the Chinese text.","The Russian panel omits the Princely States' political integration process and their rulers' initial choice of independence, which is explicitly covered in the Chinese text. The Korean panel does not mention the Princely States or the Muslim League's role, which are emphasized in the Chinese and Russian texts respectively. The English panel does not address the Muslim League's role or the Princely States' political status in detail.",medium,"{""labels"": [""Type B — Attribution"", ""Type D — Framing"", ""Type F — Omission""], ""summary"": ""The English and Chinese panels focus on the division of provinces (Bengal, Punjab) based on religious majorities and the legal framework of the Indian Independence Act 1947. The Korean panel emphasizes the Radcliffe Line as the boundary-drawing mechanism, while the Russian panel attributes the partition to the formation of the All-India Muslim League and Muhammad Ali Jinnah's advocacy for a separate Muslim state, which is not explicitly mentioned in the English or Chinese snippets. The Russian panel also omits detailed discussion of the Princely States' role in the partition process, which is explicitly addressed in the Chinese text."", ""omission_notes"": ""The Russian panel omits the Princely States' political integration process and their rulers' initial choice of independence, which is explicitly covered in the Chinese text. The Korean panel does not mention the Princely States or the Muslim League's role, which are emphasized in the Chinese and Russian texts respectively. The English panel does not address the Muslim League's role or the Princely States' political status in detail."", ""confidence"": ""medium""}"
T5-30,collapse of the Soviet Union,What caused the collapse of the Soviet Union?,Type D — Framing; Type F — Omission,"The English and Russian panels agree that economic stagnation and Gorbachev's reforms (perestroika and glasnost) were key factors, but differ in emphasis. The English panel highlights the arms race with the U.S., foreign conflicts, and ethnic nationalism as primary causes, while the Russian panel focuses on the structural contradiction of the federal system masking a unitary structure. The Chinese panel shifts focus to geopolitical outcomes rather than direct causes, emphasizing the end of the Cold War and the collapse of the Yalta system.","The Chinese panel does not mention the arms race, economic stagnation, or ethnic separatism as causes of the collapse. Instead, it centers on the geopolitical consequences, omitting the internal structural and economic factors that the English and Russian panels explicitly address.",high,"{""labels"": [""Type D — Framing"", ""Type F — Omission""], ""summary"": ""The English and Russian panels agree that economic stagnation and Gorbachev's reforms (perestroika and glasnost) were key factors, but differ in emphasis. The English panel highlights the arms race with the U.S., foreign conflicts, and ethnic nationalism as primary causes, while the Russian panel focuses on the structural contradiction of the federal system masking a unitary structure. The Chinese panel shifts focus to geopolitical outcomes rather than direct causes, emphasizing the end of the Cold War and the collapse of the Yalta system."", ""omission_notes"": ""The Chinese panel does not mention the arms race, economic stagnation, or ethnic separatism as causes of the collapse. Instead, it centers on the geopolitical consequences, omitting the internal structural and economic factors that the English and Russian panels explicitly address."", ""confidence"": ""high""}"
